,Frame,Num_detections,Yolo_det,Sort_tracks,Sort_track_nums
1,1,0,[],[],[]
2,2,0,[],[],[]
3,3,0,[],[],[]
4,4,0,[],[],[]
5,5,0,[],[],[]
6,6,0,[],[],[]
7,7,0,[],[],[]
8,8,0,[],[],[]
9,9,0,[],[],[]
10,10,0,[],[],[]
11,11,0,[],[],[]
12,12,0,[],[],[]
13,13,0,[],[],[]
14,14,0,[],[],[]
15,15,0,[],[],[]
16,16,0,[],[],[]
17,17,0,[],[],[]
18,18,0,[],[],[]
19,19,0,[],[],[]
20,20,0,[],[],[]
21,21,0,[],[],[]
22,22,0,[],[],[]
23,23,0,[],[],[]
24,24,0,[],[],[]
25,25,0,[],[],[]
26,26,0,[],[],[]
27,27,0,[],[],[]
28,28,0,[],[],[]
29,29,0,[],[],[]
30,30,0,[],[],[]
31,31,0,[],[],[]
32,32,0,[],[],[]
33,33,0,[],[],[]
34,34,0,[],[],[]
35,35,0,[],[],[]
36,36,0,[],[],[]
37,37,0,[],[],[]
38,38,0,[],[],[]
39,39,0,[],[],[]
40,40,0,[],[],[]
41,41,0,[],[],[]
42,42,0,[],[],[]
43,43,0,[],[],[]
44,44,0,[],[],[]
45,45,0,[],[],[]
46,46,0,[],[],[]
47,47,0,[],[],[]
48,48,0,[],[],[]
49,49,0,[],[],[]
50,50,0,[],[],[]
51,51,0,[],[],[]
52,52,0,[],[],[]
53,53,0,[],[],[]
54,54,0,[],[],[]
55,55,0,[],[],[]
56,56,0,[],[],[]
57,57,0,[],[],[]
58,58,0,[],[],[]
59,59,0,[],[],[]
60,60,0,[],[],[]
61,61,0,[],[],[]
62,62,0,[],[],[]
63,63,0,[],[],[]
64,64,0,[],[],[]
65,65,0,[],[],[]
66,66,0,[],[],[]
67,67,0,[],[],[]
68,68,0,[],[],[]
69,69,0,[],[],[]
70,70,0,[],[],[]
71,71,0,[],[],[]
72,72,0,[],[],[]
73,73,0,[],[],[]
74,74,0,[],[],[]
75,75,0,[],[],[]
76,76,0,[],[],[]
77,77,0,[],[],[]
78,78,0,[],[],[]
79,79,0,[],[],[]
80,80,0,[],[],[]
81,81,0,[],[],[]
82,82,0,[],[],[]
83,83,0,[],[],[]
84,84,0,[],[],[]
85,85,0,[],[],[]
86,86,0,[],[],[]
87,87,0,[],[],[]
88,88,0,[],[],[]
89,89,0,[],[],[]
90,90,0,[],[],[]
91,91,0,[],[],[]
92,92,0,[],[],[]
93,93,0,[],[],[]
94,94,0,[],[],[]
95,95,0,[],[],[]
96,96,0,[],[],[]
97,97,0,[],[],[]
98,98,0,[],[],[]
99,99,0,[],[],[]
100,100,0,[],[],[]
101,101,0,[],[],[]
102,102,0,[],[],[]
103,103,0,[],[],[]
104,104,0,[],[],[]
105,105,0,[],[],[]
106,106,0,[],[],[]
107,107,0,[],[],[]
108,108,0,[],[],[]
109,109,0,[],[],[]
110,110,0,[],[],[]
111,111,0,[],[],[]
112,112,0,[],[],[]
113,113,0,[],[],[]
114,114,0,[],[],[]
115,115,0,[],[],[]
116,116,0,[],[],[]
117,117,0,[],[],[]
118,118,0,[],[],[]
119,119,0,[],[],[]
120,120,0,[],[],[]
121,121,0,[],[],[]
122,122,0,[],[],[]
123,123,0,[],[],[]
124,124,0,[],[],[]
125,125,0,[],[],[]
126,126,0,[],[],[]
127,127,0,[],[],[]
128,128,0,[],[],[]
129,129,0,[],[],[]
130,130,0,[],[],[]
131,131,0,[],[],[]
132,132,0,[],[],[]
133,133,0,[],[],[]
134,134,0,[],[],[]
135,135,0,[],[],[]
136,136,0,[],[],[]
137,137,0,[],[],[]
138,138,0,[],[],[]
139,139,0,[],[],[]
140,140,0,[],[],[]
141,141,0,[],[],[]
142,142,0,[],[],[]
143,143,0,[],[],[]
144,144,0,[],[],[]
145,145,0,[],[],[]
146,146,0,[],[],[]
147,147,0,[],[],[]
148,148,0,[],[],[]
149,149,0,[],[],[]
150,150,0,[],[],[]
151,151,0,[],[],[]
152,152,0,[],[],[]
153,153,1,"[[468, 243, 508, 289, 0.1374]]","[[468, 243, 508, 289, 1]]",[1]
154,154,1,"[[469, 242, 509, 293, 0.2003]]","[[468, 242, 509, 292, 1]]",[1]
155,155,1,"[[462, 234, 511, 298, 0.6459]]","[[462, 235, 511, 296, 1]]",[1]
156,156,1,"[[452, 234, 505, 304, 0.6254]]","[[452, 234, 506, 302, 1]]",[1]
157,157,1,"[[451, 231, 507, 307, 0.4971]]","[[449, 231, 506, 306, 1]]",[1]
158,158,1,"[[452, 232, 505, 303, 0.5305]]","[[448, 230, 506, 305, 1]]",[1]
159,159,0,[],[],[]
160,160,1,"[[427, 232, 507, 342, 0.1778]]","[[433, 234, 505, 329, 1]]",[1]
161,161,1,"[[426, 231, 506, 344, 0.8243]]","[[426, 233, 505, 339, 1]]",[1]
162,162,1,"[[418, 229, 501, 346, 0.7996]]","[[418, 231, 502, 345, 1]]",[1]
163,163,1,"[[428, 245, 500, 336, 0.9571]]","[[420, 236, 502, 345, 1]]",[1]
164,164,1,"[[416, 245, 510, 345, 0.8097]]","[[417, 239, 505, 349, 1]]",[1]
165,165,0,[],[],[]
166,166,0,[],[],[]
167,167,1,"[[405, 238, 512, 338, 0.0481]]","[[410, 236, 506, 346, 1]]",[1]
168,168,1,"[[404, 238, 508, 343, 0.2992]]","[[405, 235, 506, 347, 1]]",[1]
169,169,1,"[[402, 247, 511, 339, 0.8837]]","[[402, 239, 507, 346, 1]]",[1]
170,170,1,"[[401, 243, 510, 338, 0.51]]","[[400, 239, 508, 344, 1]]",[1]
171,171,1,"[[409, 235, 512, 359, 0.8144]]","[[402, 239, 512, 352, 1]]",[1]
172,172,1,"[[408, 238, 510, 355, 0.8935]]","[[403, 239, 512, 354, 1]]",[1]
173,173,1,"[[412, 234, 505, 357, 0.3081]]","[[404, 237, 511, 356, 1]]",[1]
174,174,1,"[[364, 265, 489, 362, 0.1763]]","[[379, 251, 493, 365, 1]]",[1]
175,175,1,"[[359, 274, 497, 361, 0.9918]]","[[368, 262, 491, 368, 1]]",[1]
176,176,1,"[[357, 270, 499, 360, 0.9895]]","[[362, 264, 492, 367, 1]]",[1]
177,177,1,"[[356, 270, 497, 353, 0.9988]]","[[357, 265, 493, 362, 1]]",[1]
178,178,1,"[[357, 271, 495, 355, 0.9994]]","[[355, 266, 493, 361, 1]]",[1]
179,179,1,"[[354, 272, 492, 354, 0.9993]]","[[352, 268, 492, 360, 1]]",[1]
180,180,1,"[[352, 278, 488, 360, 0.9997]]","[[349, 272, 489, 363, 1]]",[1]
181,181,1,"[[343, 277, 497, 365, 0.9996]]","[[345, 275, 491, 366, 1]]",[1]
182,182,1,"[[343, 280, 488, 368, 0.9985]]","[[342, 278, 489, 369, 1]]",[1]
183,183,1,"[[336, 283, 494, 377, 0.9996]]","[[338, 282, 490, 375, 1]]",[1]
184,184,1,"[[336, 286, 484, 376, 0.9998]]","[[334, 284, 486, 377, 1]]",[1]
185,185,1,"[[320, 289, 494, 380, 0.9998]]","[[327, 287, 487, 380, 1]]",[1]
186,186,1,"[[307, 289, 475, 373, 0.9999]]","[[313, 287, 477, 378, 1]]",[1]
187,187,1,"[[300, 287, 473, 375, 1.0]]","[[304, 286, 472, 378, 1]]",[1]
188,188,1,"[[282, 282, 469, 378, 1.0]]","[[291, 284, 466, 378, 1]]",[1]
189,189,1,"[[279, 286, 454, 377, 0.9999]]","[[280, 285, 457, 379, 1]]",[1]
190,190,1,"[[263, 287, 456, 382, 0.9979]]","[[269, 286, 452, 381, 1]]",[1]
191,191,1,"[[270, 287, 446, 391, 0.9888]]","[[265, 288, 448, 387, 1]]",[1]
192,192,1,"[[259, 287, 457, 392, 0.8076]]","[[261, 288, 450, 390, 1]]",[1]
193,193,1,"[[252, 289, 438, 389, 0.9847]]","[[252, 288, 441, 390, 1]]",[1]
194,194,1,"[[240, 290, 438, 389, 0.9987]]","[[243, 289, 436, 391, 1]]",[1]
195,195,1,"[[248, 291, 431, 389, 0.9952]]","[[241, 289, 433, 391, 1]]",[1]
196,196,1,"[[216, 292, 447, 380, 0.9981]]","[[229, 289, 434, 387, 1]]",[1]
197,197,1,"[[222, 285, 441, 385, 0.9776]]","[[224, 286, 435, 386, 1]]",[1]
198,198,1,"[[211, 291, 411, 380, 0.9543]]","[[211, 287, 420, 384, 1]]",[1]
199,199,1,"[[208, 291, 408, 389, 0.8178]]","[[204, 289, 412, 387, 1]]",[1]
200,200,1,"[[196, 294, 404, 387, 0.9317]]","[[196, 291, 405, 388, 1]]",[1]
201,201,1,"[[179, 293, 410, 387, 0.9915]]","[[186, 291, 403, 388, 1]]",[1]
202,202,1,"[[181, 294, 405, 386, 0.9554]]","[[181, 292, 401, 388, 1]]",[1]
203,203,1,"[[184, 291, 400, 390, 0.9919]]","[[179, 291, 400, 389, 1]]",[1]
204,204,1,"[[186, 290, 396, 390, 0.9944]]","[[179, 291, 398, 389, 1]]",[1]
205,205,1,"[[176, 292, 407, 390, 0.9982]]","[[176, 291, 400, 390, 1]]",[1]
206,206,1,"[[192, 292, 405, 391, 0.998]]","[[182, 291, 404, 391, 1]]",[1]
207,207,1,"[[203, 293, 401, 390, 0.9982]]","[[189, 291, 406, 391, 1]]",[1]
208,208,1,"[[207, 290, 399, 390, 0.987]]","[[194, 290, 405, 390, 1]]",[1]
209,209,1,"[[201, 289, 396, 391, 0.9931]]","[[194, 289, 402, 391, 1]]",[1]
210,210,1,"[[202, 289, 401, 382, 0.9462]]","[[196, 287, 402, 387, 1]]",[1]
211,211,1,"[[190, 287, 403, 383, 0.9852]]","[[192, 286, 401, 385, 1]]",[1]
212,212,1,"[[183, 287, 404, 382, 0.8704]]","[[186, 285, 400, 384, 1]]",[1]
213,213,1,"[[189, 285, 398, 396, 0.8423]]","[[185, 287, 399, 389, 1]]",[1]
214,214,1,"[[182, 287, 361, 384, 0.9052]]","[[175, 285, 380, 387, 1]]",[1]
215,215,1,"[[174, 276, 360, 383, 0.9991]]","[[169, 280, 370, 383, 1]]",[1]
216,216,1,"[[179, 277, 347, 387, 0.9998]]","[[167, 279, 360, 384, 1]]",[1]
217,217,1,"[[175, 274, 336, 383, 0.9993]]","[[164, 276, 349, 382, 1]]",[1]
218,218,1,"[[162, 279, 332, 378, 0.9984]]","[[158, 276, 340, 381, 1]]",[1]
219,219,1,"[[169, 274, 335, 377, 0.998]]","[[160, 273, 338, 378, 1]]",[1]
220,220,1,"[[164, 276, 335, 376, 0.9958]]","[[159, 273, 336, 377, 1]]",[1]
221,221,1,"[[169, 278, 327, 375, 0.9938]]","[[160, 274, 333, 377, 1]]",[1]
222,222,1,"[[157, 268, 307, 376, 0.9806]]","[[152, 271, 319, 375, 1]]",[1]
223,223,1,"[[161, 262, 303, 374, 0.8911]]","[[151, 266, 312, 372, 1]]",[1]
224,224,1,"[[161, 260, 299, 366, 0.9987]]","[[151, 261, 306, 368, 1]]",[1]
225,225,1,"[[163, 255, 294, 367, 0.9988]]","[[152, 257, 301, 365, 1]]",[1]
226,226,1,"[[158, 252, 295, 367, 0.9745]]","[[152, 254, 298, 364, 1]]",[1]
227,227,1,"[[154, 252, 297, 368, 0.9006]]","[[151, 253, 297, 365, 1]]",[1]
228,228,1,"[[68, 252, 308, 350, 0.433]]","[[112, 249, 285, 357, 1]]",[1]
229,229,1,"[[43, 238, 234, 332, 0.9316]]","[[68, 238, 247, 342, 1]]",[1]
230,230,1,"[[50, 236, 249, 341, 0.9814]]","[[56, 236, 241, 340, 1]]",[1]
231,231,1,"[[52, 235, 240, 346, 0.9992]]","[[50, 235, 237, 342, 1]]",[1]
232,232,1,"[[51, 240, 231, 342, 0.9956]]","[[46, 236, 231, 342, 1]]",[1]
233,233,1,"[[53, 241, 224, 345, 0.9924]]","[[44, 238, 227, 343, 1]]",[1]
234,234,1,"[[52, 236, 221, 343, 0.9971]]","[[44, 236, 223, 342, 1]]",[1]
235,235,2,"[[58, 238, 212, 341, 0.9746], [21, 181, 110, 304, 0.0981]]","[[45, 235, 218, 341, 1]]",[1]
236,236,2,"[[55, 234, 208, 339, 0.9453], [11, 202, 99, 307, 0.0553]]","[[12, 199, 97, 309, 2], [45, 233, 213, 339, 1]]","[2, 1]"
237,237,1,"[[59, 238, 198, 336, 0.8327]]","[[6, 214, 85, 315, 2], [46, 234, 206, 338, 1]]","[2, 1]"
238,238,1,"[[27, 198, 102, 311, 0.9599]]","[[24, 201, 102, 308, 2], [40, 232, 201, 336, 1]]","[2, 1]"
239,239,1,"[[27, 190, 102, 318, 0.9638]]","[[26, 197, 104, 311, 2]]",[2]
240,240,2,"[[22, 193, 103, 315, 0.9113], [54, 234, 223, 366, 0.1023]]","[[24, 195, 103, 312, 2], [50, 239, 216, 354, 1]]","[2, 1]"
241,241,1,"[[8, 179, 105, 304, 0.8324]]","[[15, 183, 102, 306, 2], [46, 238, 213, 354, 1]]","[2, 1]"
242,242,1,"[[9, 178, 105, 307, 0.4278]]","[[12, 179, 103, 306, 2]]",[2]
243,243,1,"[[8, 176, 104, 308, 0.232]]","[[9, 176, 103, 306, 2]]",[2]
244,244,1,"[[6, 183, 105, 327, 0.7592]]","[[7, 181, 104, 318, 2]]",[2]
245,245,1,"[[8, 182, 100, 299, 0.7738]]","[[6, 178, 102, 309, 2]]",[2]
246,246,1,"[[5, 176, 96, 308, 0.9938]]","[[4, 176, 99, 308, 2]]",[2]
247,247,1,"[[5, 169, 93, 312, 0.9993]]","[[2, 172, 96, 308, 2]]",[2]
248,248,1,"[[6, 170, 101, 309, 0.9932]]","[[4, 170, 99, 308, 2]]",[2]
249,249,1,"[[4, 165, 99, 307, 0.9873]]","[[3, 166, 99, 306, 2]]",[2]
250,250,1,"[[3, 167, 101, 310, 0.999]]","[[3, 166, 100, 308, 2]]",[2]
251,251,1,"[[3, 168, 107, 307, 0.9979]]","[[3, 165, 103, 308, 2]]",[2]
252,252,1,"[[7, 170, 102, 299, 0.9961]]","[[4, 165, 103, 304, 2]]",[2]
253,253,1,"[[7, 168, 104, 302, 0.9916]]","[[5, 165, 104, 303, 2]]",[2]
254,254,1,"[[7, 171, 105, 300, 0.9706]]","[[6, 166, 105, 302, 2]]",[2]
255,255,1,"[[8, 170, 104, 300, 0.9615]]","[[6, 167, 105, 302, 2]]",[2]
256,256,1,"[[8, 169, 103, 302, 0.9519]]","[[6, 167, 104, 302, 2]]",[2]
257,257,2,"[[8, 158, 103, 296, 0.9692], [465, 242, 510, 289, 0.1193]]","[[6, 161, 104, 297, 2]]",[2]
258,258,2,"[[8, 169, 100, 301, 0.9596], [427, 250, 506, 316, 0.1396]]","[[430, 249, 503, 316, 3], [6, 164, 102, 300, 2]]","[3, 2]"
259,259,2,"[[8, 170, 99, 301, 0.9657], [418, 259, 502, 317, 0.4395]]","[[418, 255, 499, 321, 3], [6, 166, 101, 301, 2]]","[3, 2]"
260,260,2,"[[427, 246, 501, 327, 0.991], [4, 170, 102, 299, 0.9194]]","[[420, 250, 503, 325, 3], [5, 167, 101, 300, 2]]","[3, 2]"
261,261,2,"[[3, 170, 103, 301, 0.9785], [424, 229, 505, 340, 0.7158]]","[[417, 240, 508, 331, 3], [4, 168, 101, 301, 2]]","[3, 2]"
262,262,2,"[[0, 165, 108, 310, 0.9564], [415, 228, 506, 341, 0.4598]]","[[411, 233, 509, 336, 3], [3, 167, 104, 305, 2]]","[3, 2]"
263,263,2,"[[0, 165, 109, 309, 0.9852], [390, 248, 503, 334, 0.6453]]","[[397, 239, 502, 339, 3], [2, 166, 106, 306, 2]]","[3, 2]"
264,264,2,"[[0, 165, 107, 309, 0.9784], [382, 246, 502, 337, 0.1382]]","[[386, 240, 500, 341, 3], [1, 165, 106, 307, 2]]","[3, 2]"
265,265,2,"[[1, 166, 102, 308, 0.9987], [381, 242, 504, 334, 0.5144]]","[[381, 239, 501, 340, 3], [0, 165, 104, 308, 2]]","[3, 2]"
266,266,2,"[[1, 167, 103, 307, 0.999], [366, 251, 493, 336, 0.961]]","[[369, 243, 494, 341, 3], [0, 165, 104, 308, 2]]","[3, 2]"
267,267,2,"[[0, 171, 102, 299, 0.9995], [364, 265, 478, 352, 0.9551]]","[[361, 255, 484, 351, 3], [0, 166, 103, 304, 2]]","[3, 2]"
268,268,2,"[[0, 172, 103, 299, 0.9993], [351, 263, 495, 342, 0.9969]]","[[355, 257, 487, 350, 3], [0, 167, 103, 303, 2]]","[3, 2]"
269,269,2,"[[0, 173, 101, 300, 0.9997], [348, 263, 492, 346, 0.9995]]","[[349, 259, 487, 350, 3], [-1, 169, 102, 302, 2]]","[3, 2]"
270,270,2,"[[1, 171, 102, 304, 0.9987], [344, 264, 493, 345, 0.9981]]","[[345, 260, 488, 350, 3], [0, 170, 102, 303, 2]]","[3, 2]"
271,271,2,"[[1, 168, 105, 306, 0.9977], [343, 267, 480, 350, 0.9976]]","[[340, 263, 483, 352, 3], [0, 169, 104, 304, 2]]","[3, 2]"
272,272,2,"[[0, 170, 104, 302, 0.9973], [329, 267, 482, 350, 0.9897]]","[[331, 264, 480, 353, 3], [0, 168, 104, 303, 2]]","[3, 2]"
273,273,2,"[[0, 168, 105, 302, 0.9975], [303, 266, 480, 352, 0.9969]]","[[315, 264, 474, 354, 3], [0, 167, 104, 302, 2]]","[3, 2]"
274,274,2,"[[287, 273, 483, 352, 0.9996], [0, 169, 105, 303, 0.9958]]","[[300, 268, 472, 355, 3], [0, 168, 104, 303, 2]]","[3, 2]"
275,275,2,"[[286, 268, 480, 358, 0.9999], [0, 169, 102, 302, 0.9963]]","[[291, 268, 473, 358, 3], [0, 168, 103, 302, 2]]","[3, 2]"
276,276,2,"[[285, 273, 480, 368, 0.9992], [1, 169, 103, 305, 0.9972]]","[[286, 272, 474, 365, 3], [0, 168, 103, 304, 2]]","[3, 2]"
277,277,2,"[[276, 278, 473, 371, 0.9999], [1, 151, 104, 304, 0.9996]]","[[278, 276, 471, 370, 3], [0, 160, 104, 300, 2]]","[3, 2]"
278,278,2,"[[263, 274, 465, 369, 0.9998], [0, 154, 104, 300, 0.9996]]","[[266, 275, 465, 370, 3], [0, 156, 104, 299, 2]]","[3, 2]"
279,279,2,"[[0, 154, 103, 299, 0.9997], [257, 277, 446, 364, 0.9995]]","[[255, 274, 453, 369, 3], [0, 155, 103, 298, 2]]","[3, 2]"
280,280,2,"[[260, 273, 440, 363, 0.9999], [0, 153, 110, 299, 0.999]]","[[251, 272, 447, 367, 3], [0, 153, 106, 298, 2]]","[3, 2]"
281,281,2,"[[243, 267, 447, 375, 1.0], [0, 152, 111, 300, 0.9974]]","[[244, 271, 444, 370, 3], [1, 152, 108, 298, 2]]","[3, 2]"
282,282,2,"[[246, 260, 442, 376, 1.0], [0, 156, 108, 298, 0.9994]]","[[240, 267, 443, 372, 3], [0, 153, 108, 298, 2]]","[3, 2]"
283,283,2,"[[0, 154, 108, 300, 0.9994], [245, 260, 428, 376, 0.9991]]","[[236, 264, 436, 373, 3], [0, 153, 108, 299, 2]]","[3, 2]"
284,284,2,"[[0, 158, 109, 296, 0.9993], [245, 248, 424, 373, 0.9383]]","[[234, 256, 431, 370, 3], [0, 154, 108, 298, 2]]","[3, 2]"
285,285,2,"[[1, 158, 109, 296, 0.999], [224, 228, 387, 359, 0.9975]]","[[218, 241, 408, 360, 3], [0, 155, 109, 298, 2]]","[3, 2]"
286,286,2,"[[2, 156, 107, 298, 0.9994], [223, 210, 381, 348, 0.976]]","[[211, 224, 395, 348, 3], [0, 155, 108, 298, 2]]","[3, 2]"
287,287,2,"[[0, 175, 105, 294, 0.9995], [219, 155, 371, 367, 0.9782]]","[[204, 197, 386, 340, 3], [0, 163, 107, 299, 2]]","[3, 2]"
288,288,2,"[[4, 155, 105, 299, 0.9997], [224, 154, 366, 360, 0.9973]]","[[205, 181, 380, 338, 3], [1, 159, 107, 297, 2]]","[3, 2]"
289,289,2,"[[4, 174, 102, 299, 0.999], [229, 152, 361, 343, 0.9965]]","[[209, 167, 374, 333, 3], [1, 166, 105, 301, 2]]","[3, 2]"
290,290,2,"[[3, 175, 102, 297, 0.9994], [229, 118, 342, 363, 0.9963]]","[[208, 151, 362, 332, 3], [1, 169, 104, 301, 2]]","[3, 2]"
291,291,2,"[[236, 118, 337, 356, 0.9991], [4, 170, 104, 305, 0.994]]","[[213, 140, 355, 333, 3], [2, 170, 104, 303, 2]]","[3, 2]"
292,292,2,"[[2, 170, 106, 306, 0.9964], [229, 117, 337, 347, 0.9928]]","[[214, 131, 348, 333, 3], [2, 170, 105, 304, 2]]","[3, 2]"
293,293,2,"[[2, 173, 107, 301, 0.9937], [223, 107, 343, 333, 0.6498]]","[[214, 117, 346, 327, 3], [2, 171, 106, 303, 2]]","[3, 2]"
294,294,2,"[[1, 169, 106, 301, 0.9961], [212, 93, 327, 269, 0.6314]]","[[207, 92, 335, 294, 3], [1, 169, 105, 302, 2]]","[3, 2]"
295,295,2,"[[0, 165, 106, 305, 0.9979], [219, 104, 326, 248, 0.6446]]","[[208, 86, 332, 272, 3], [0, 168, 105, 302, 2]]","[3, 2]"
296,296,2,"[[206, 106, 335, 241, 0.9906], [0, 154, 115, 300, 0.9891]]","[[204, 87, 332, 258, 3], [2, 160, 110, 299, 2]]","[3, 2]"
297,297,2,"[[0, 152, 113, 302, 0.9886], [216, 107, 329, 248, 0.9534]]","[[207, 91, 331, 255, 3], [1, 157, 111, 298, 2]]","[3, 2]"
298,298,2,"[[2, 162, 108, 311, 0.9905], [213, 131, 350, 251, 0.647]]","[[210, 107, 340, 257, 3], [1, 161, 110, 305, 2]]","[3, 2]"
299,299,2,"[[2, 162, 106, 311, 0.9832], [221, 75, 324, 246, 0.5879]]","[[210, 88, 334, 244, 3], [0, 162, 108, 308, 2]]","[3, 2]"
300,300,2,"[[0, 151, 112, 303, 0.99], [217, 77, 327, 245, 0.869]]","[[210, 80, 331, 240, 3], [0, 156, 110, 303, 2]]","[3, 2]"
301,301,2,"[[0, 151, 114, 302, 0.9842], [214, 86, 327, 242, 0.9475]]","[[210, 80, 329, 240, 3], [1, 153, 111, 302, 2]]","[3, 2]"
302,302,2,"[[0, 148, 116, 305, 0.984], [200, 93, 328, 242, 0.7695]]","[[203, 84, 326, 241, 3], [1, 150, 113, 302, 2]]","[3, 2]"
303,303,2,"[[2, 148, 111, 306, 0.9796], [192, 94, 325, 242, 0.9779]]","[[196, 86, 322, 242, 3], [1, 149, 112, 303, 2]]","[3, 2]"
304,304,2,"[[7, 166, 104, 308, 0.967], [183, 88, 321, 240, 0.9298]]","[[188, 84, 318, 240, 3], [2, 157, 110, 308, 2]]","[3, 2]"
305,305,2,"[[6, 151, 103, 300, 0.999], [168, 86, 322, 243, 0.9933]]","[[178, 83, 315, 240, 3], [2, 152, 107, 303, 2]]","[3, 2]"
306,306,2,"[[5, 145, 103, 306, 0.9959], [162, 101, 323, 245, 0.9807]]","[[170, 90, 315, 244, 3], [2, 149, 106, 303, 2]]","[3, 2]"
307,307,2,"[[166, 97, 319, 252, 0.9859], [4, 142, 104, 304, 0.9835]]","[[167, 93, 315, 248, 3], [2, 146, 105, 301, 2]]","[3, 2]"
308,308,2,"[[166, 92, 321, 252, 0.9942], [10, 132, 95, 291, 0.986]]","[[166, 92, 316, 249, 3], [4, 137, 102, 294, 2]]","[3, 2]"
309,309,2,"[[8, 144, 94, 276, 0.9995], [132, 131, 358, 229, 0.9918]]","[[154, 109, 330, 242, 3], [4, 136, 99, 286, 2]]","[3, 2]"
310,310,2,"[[9, 131, 95, 284, 0.9994], [131, 131, 361, 230, 0.9931]]","[[146, 117, 340, 239, 3], [5, 132, 98, 283, 2]]","[3, 2]"
311,311,2,"[[140, 136, 342, 241, 0.9964], [11, 126, 93, 289, 0.9954]]","[[142, 125, 339, 243, 3], [6, 130, 96, 284, 2]]","[3, 2]"
312,312,2,"[[16, 120, 84, 268, 0.9959], [134, 126, 329, 249, 0.9955]]","[[135, 126, 332, 245, 3], [8, 121, 92, 274, 2]]","[3, 2]"
313,313,2,"[[16, 125, 89, 267, 0.9992], [120, 134, 334, 241, 0.9992]]","[[126, 128, 330, 245, 3], [11, 120, 92, 270, 2]]","[3, 2]"
314,314,2,"[[109, 136, 339, 237, 0.9999], [13, 125, 91, 270, 0.9952]]","[[118, 130, 330, 242, 3], [11, 121, 91, 270, 2]]","[3, 2]"
315,315,2,"[[111, 133, 340, 231, 0.9999], [14, 128, 91, 267, 0.9984]]","[[115, 129, 332, 237, 3], [12, 123, 91, 269, 2]]","[3, 2]"
316,316,2,"[[120, 127, 334, 232, 1.0], [14, 125, 93, 270, 0.9892]]","[[115, 126, 333, 234, 3], [13, 123, 92, 269, 2]]","[3, 2]"
317,317,2,"[[126, 124, 325, 237, 1.0], [14, 128, 87, 264, 0.9909]]","[[117, 125, 331, 235, 3], [12, 124, 90, 267, 2]]","[3, 2]"
318,318,2,"[[127, 123, 328, 239, 1.0], [12, 129, 84, 261, 0.9972]]","[[119, 124, 331, 236, 3], [11, 124, 87, 264, 2]]","[3, 2]"
319,319,2,"[[132, 117, 312, 242, 1.0], [13, 132, 84, 257, 0.9975]]","[[120, 121, 324, 237, 3], [11, 126, 85, 261, 2]]","[3, 2]"
320,320,2,"[[135, 118, 302, 242, 1.0], [14, 133, 92, 285, 0.9956]]","[[121, 120, 316, 238, 3], [13, 133, 89, 273, 2]]","[3, 2]"
321,321,2,"[[134, 114, 287, 242, 0.9999], [15, 129, 93, 284, 0.9929]]","[[120, 118, 304, 238, 3], [14, 133, 91, 277, 2]]","[3, 2]"
322,322,2,"[[145, 104, 280, 250, 0.9993], [13, 133, 92, 285, 0.9978]]","[[125, 114, 297, 240, 3], [14, 134, 91, 280, 2]]","[3, 2]"
323,323,2,"[[157, 102, 290, 251, 0.9983], [14, 131, 90, 263, 0.9977]]","[[137, 110, 299, 242, 3], [13, 129, 90, 271, 2]]","[3, 2]"
324,324,2,"[[15, 131, 85, 262, 0.9951], [159, 100, 300, 262, 0.8436]]","[[146, 109, 304, 248, 3], [13, 128, 88, 267, 2]]","[3, 2]"
325,325,2,"[[12, 126, 90, 262, 0.9994], [177, 119, 277, 275, 0.9936]]","[[154, 119, 297, 261, 3], [12, 125, 88, 264, 2]]","[3, 2]"
326,326,2,"[[11, 118, 87, 243, 0.9979], [179, 117, 277, 275, 0.9541]]","[[161, 121, 292, 267, 3], [11, 117, 87, 252, 2]]","[3, 2]"
327,327,2,"[[14, 115, 84, 268, 0.944], [180, 108, 316, 294, 0.8818]]","[[173, 120, 307, 277, 3], [11, 119, 86, 258, 2]]","[3, 2]"
328,328,2,"[[188, 102, 300, 312, 0.9922], [12, 121, 99, 303, 0.9687]]","[[178, 120, 307, 288, 3], [13, 127, 92, 278, 2]]","[3, 2]"
329,329,2,"[[184, 126, 308, 331, 0.9994], [9, 128, 100, 296, 0.994]]","[[180, 131, 309, 309, 3], [13, 130, 95, 287, 2]]","[3, 2]"
330,330,2,"[[179, 126, 303, 339, 0.9993], [9, 132, 97, 290, 0.9903]]","[[178, 135, 307, 323, 3], [11, 132, 95, 288, 2]]","[3, 2]"
331,331,2,"[[190, 165, 331, 347, 0.9792], [8, 129, 95, 281, 0.9573]]","[[188, 154, 320, 341, 3], [9, 129, 94, 284, 2]]","[3, 2]"
332,332,2,"[[193, 180, 320, 366, 0.9981], [14, 96, 82, 203, 0.7284]]","[[190, 172, 322, 359, 3], [8, 98, 90, 240, 2]]","[3, 2]"
333,333,2,"[[187, 195, 333, 366, 0.998], [11, 94, 87, 230, 0.996]]","[[191, 186, 327, 369, 3], [9, 93, 88, 233, 2]]","[3, 2]"
334,334,2,"[[8, 89, 85, 236, 0.9995], [198, 217, 342, 362, 0.9513]]","[[197, 201, 336, 373, 3], [7, 90, 86, 232, 2]]","[3, 2]"
335,335,2,"[[12, 109, 83, 248, 0.9976], [189, 220, 348, 360, 0.9145]]","[[195, 210, 341, 372, 3], [8, 100, 85, 242, 2]]","[3, 2]"
336,336,2,"[[217, 206, 369, 379, 0.9977], [6, 71, 85, 224, 0.9434]]","[[211, 211, 359, 377, 3], [7, 82, 84, 227, 2]]","[3, 2]"
337,337,2,"[[227, 199, 364, 378, 0.9777], [10, 91, 81, 233, 0.84]]","[[220, 207, 366, 377, 3], [7, 86, 83, 230, 2]]","[3, 2]"
338,338,2,"[[228, 196, 364, 378, 0.991], [6, 91, 85, 228, 0.7899]]","[[224, 204, 368, 377, 3], [7, 87, 83, 229, 2]]","[3, 2]"
339,339,2,"[[226, 198, 363, 379, 0.9972], [6, 89, 82, 230, 0.8602]]","[[225, 203, 367, 378, 3], [6, 87, 82, 228, 2]]","[3, 2]"
340,340,2,"[[228, 198, 366, 377, 0.9994], [8, 99, 83, 219, 0.9783]]","[[227, 201, 368, 378, 3], [6, 90, 83, 225, 2]]","[3, 2]"
341,341,2,"[[226, 201, 364, 378, 0.9995], [8, 69, 77, 230, 0.9956]]","[[226, 202, 367, 380, 3], [5, 80, 80, 222, 2]]","[3, 2]"
342,342,2,"[[227, 207, 371, 374, 0.9968], [8, 69, 77, 228, 0.9865]]","[[228, 204, 370, 379, 3], [6, 75, 79, 221, 2]]","[3, 2]"
343,343,2,"[[238, 212, 376, 375, 0.9941], [7, 70, 78, 226, 0.9863]]","[[234, 207, 376, 380, 3], [6, 73, 78, 221, 2]]","[3, 2]"
344,344,2,"[[5, 74, 83, 221, 0.9985], [237, 228, 386, 367, 0.9664]]","[[238, 216, 382, 378, 3], [6, 72, 80, 220, 2]]","[3, 2]"
345,345,2,"[[6, 72, 83, 223, 0.9976], [218, 256, 433, 370, 0.9849]]","[[238, 236, 404, 380, 3], [6, 71, 81, 220, 2]]","[3, 2]"
346,346,2,"[[250, 259, 424, 380, 0.9999], [5, 78, 81, 219, 0.9996]]","[[248, 248, 417, 385, 3], [5, 73, 80, 220, 2]]","[3, 2]"
347,347,2,"[[4, 71, 79, 227, 1.0], [258, 271, 429, 376, 0.9999]]","[[255, 258, 427, 386, 3], [4, 73, 79, 222, 2]]","[3, 2]"
348,348,2,"[[5, 71, 81, 229, 0.9998], [265, 287, 432, 383, 0.9997]]","[[261, 273, 433, 391, 3], [4, 72, 80, 224, 2]]","[3, 2]"
349,349,2,"[[263, 288, 433, 384, 0.9997], [5, 74, 81, 227, 0.9986]]","[[263, 280, 435, 392, 3], [4, 73, 80, 225, 2]]","[3, 2]"
350,350,2,"[[1, 93, 89, 226, 0.9997], [259, 280, 436, 374, 0.9994]]","[[262, 278, 437, 385, 3], [4, 82, 83, 228, 2]]","[3, 2]"
351,351,2,"[[294, 287, 474, 376, 1.0], [7, 89, 94, 234, 0.9998]]","[[285, 282, 462, 384, 3], [7, 86, 88, 232, 2]]","[3, 2]"
352,352,2,"[[8, 91, 93, 235, 0.9995], [342, 274, 483, 367, 0.9961]]","[[317, 276, 484, 376, 3], [8, 88, 90, 234, 2]]","[3, 2]"
353,353,2,"[[7, 93, 93, 237, 0.9997], [352, 264, 497, 366, 0.9994]]","[[338, 269, 499, 370, 3], [8, 91, 91, 236, 2]]","[3, 2]"
354,354,2,"[[6, 88, 93, 241, 0.9991], [376, 254, 501, 354, 0.9595]]","[[359, 259, 510, 360, 3], [7, 90, 92, 238, 2]]","[3, 2]"
355,355,2,"[[5, 86, 93, 242, 0.9978], [378, 252, 503, 353, 0.8186]]","[[369, 255, 514, 355, 3], [6, 89, 92, 239, 2]]","[3, 2]"
356,356,2,"[[4, 88, 99, 243, 0.9852], [383, 253, 509, 343, 0.7579]]","[[377, 251, 517, 349, 3], [6, 89, 94, 240, 2]]","[3, 2]"
357,357,2,"[[4, 86, 100, 246, 0.9122], [380, 247, 512, 337, 0.5616]]","[[380, 247, 518, 342, 3], [6, 88, 96, 242, 2]]","[3, 2]"
358,358,2,"[[389, 247, 509, 334, 0.8528], [2, 85, 103, 247, 0.8229]]","[[385, 245, 518, 338, 3], [5, 87, 99, 244, 2]]","[3, 2]"
359,359,2,"[[5, 90, 102, 242, 0.9698], [401, 244, 512, 327, 0.5242]]","[[394, 241, 521, 332, 3], [6, 88, 100, 243, 2]]","[3, 2]"
360,360,2,"[[6, 95, 101, 236, 0.9962], [423, 252, 502, 342, 0.2867]]","[[406, 248, 520, 338, 3], [6, 90, 100, 241, 2]]","[3, 2]"
361,361,2,"[[5, 96, 98, 236, 0.9523], [432, 250, 496, 329, 0.9477]]","[[416, 246, 516, 334, 3], [5, 91, 99, 240, 2]]","[3, 2]"
362,362,2,"[[6, 99, 94, 235, 0.994], [431, 249, 494, 327, 0.8764]]","[[421, 245, 511, 331, 3], [4, 94, 97, 239, 2]]","[3, 2]"
363,363,2,"[[429, 244, 499, 327, 0.9675], [3, 113, 95, 231, 0.9076]]","[[424, 243, 509, 328, 3], [3, 101, 96, 238, 2]]","[3, 2]"
364,364,2,"[[429, 235, 500, 326, 0.9422], [2, 113, 95, 233, 0.5309]]","[[427, 239, 507, 325, 3], [2, 106, 95, 238, 2]]","[3, 2]"
365,365,2,"[[3, 118, 103, 229, 0.9194], [454, 223, 512, 312, 0.8795]]","[[442, 228, 516, 315, 3], [3, 110, 99, 236, 2]]","[3, 2]"
366,366,1,"[[13, 121, 111, 226, 0.8331]]","[[448, 227, 522, 313, 3], [10, 113, 106, 233, 2]]","[3, 2]"
367,367,1,"[[12, 119, 111, 226, 0.8749]]","[[12, 115, 109, 231, 2]]",[2]
368,368,1,"[[3, 114, 100, 230, 0.7314]]","[[6, 114, 103, 230, 2]]",[2]
369,369,1,"[[4, 116, 102, 231, 0.8176]]","[[5, 115, 102, 231, 2]]",[2]
370,370,1,"[[6, 120, 99, 225, 0.9695]]","[[4, 116, 101, 229, 2]]",[2]
371,371,1,"[[0, 103, 101, 223, 0.1355]]","[[2, 109, 100, 223, 2]]",[2]
372,372,1,"[[0, 125, 106, 219, 0.5382]]","[[2, 115, 102, 224, 2]]",[2]
373,373,1,"[[0, 129, 104, 217, 0.1791]]","[[1, 120, 102, 223, 2]]",[2]
374,374,1,"[[0, 131, 102, 219, 0.3886]]","[[0, 125, 102, 223, 2]]",[2]
375,375,1,"[[0, 132, 99, 217, 0.2723]]","[[0, 127, 100, 221, 2]]",[2]
376,376,1,"[[0, 133, 100, 217, 0.7125]]","[[0, 129, 100, 220, 2]]",[2]
377,377,1,"[[0, 131, 105, 219, 0.5791]]","[[0, 130, 102, 220, 2]]",[2]
378,378,1,"[[0, 124, 100, 231, 0.143]]","[[0, 129, 101, 224, 2]]",[2]
379,379,1,"[[0, 123, 99, 230, 0.1327]]","[[0, 128, 100, 225, 2]]",[2]
380,380,1,"[[0, 127, 111, 221, 0.3428]]","[[1, 126, 105, 223, 2]]",[2]
381,381,1,"[[0, 127, 112, 222, 0.2788]]","[[2, 126, 108, 222, 2]]",[2]
382,382,1,"[[0, 124, 117, 226, 0.2969]]","[[2, 126, 111, 223, 2]]",[2]
383,383,2,"[[468, 243, 507, 291, 0.1633], [0, 128, 115, 223, 0.1096]]","[[2, 126, 112, 223, 2]]",[2]
384,384,2,"[[459, 219, 512, 313, 0.3347], [0, 126, 116, 224, 0.3132]]","[[457, 224, 513, 307, 4], [2, 126, 114, 223, 2]]","[4, 2]"
385,385,2,"[[446, 217, 511, 295, 0.6665], [0, 127, 117, 222, 0.0965]]","[[446, 213, 510, 299, 4], [1, 126, 115, 223, 2]]","[4, 2]"
386,386,2,"[[447, 222, 511, 285, 0.8775], [0, 128, 116, 226, 0.468]]","[[446, 214, 510, 291, 4], [1, 127, 115, 224, 2]]","[4, 2]"
387,387,2,"[[442, 209, 512, 293, 0.9952], [0, 123, 93, 228, 0.101]]","[[441, 208, 511, 291, 4], [-3, 126, 104, 225, 2]]","[4, 2]"
388,388,2,"[[446, 226, 509, 311, 0.9902], [0, 128, 118, 223, 0.2047]]","[[442, 219, 510, 305, 4], [0, 126, 111, 224, 2]]","[4, 2]"
389,389,2,"[[437, 226, 504, 310, 0.9623], [0, 127, 119, 221, 0.0984]]","[[436, 223, 506, 309, 4], [1, 126, 114, 222, 2]]","[4, 2]"
390,390,2,"[[428, 225, 510, 308, 0.972], [0, 127, 117, 224, 0.3943]]","[[431, 222, 506, 310, 4], [1, 126, 115, 223, 2]]","[4, 2]"
391,391,2,"[[429, 225, 507, 310, 0.9976], [0, 127, 119, 221, 0.1339]]","[[428, 222, 506, 312, 4], [1, 126, 117, 222, 2]]","[4, 2]"
392,392,2,"[[426, 227, 510, 311, 0.9828], [0, 128, 118, 221, 0.3763]]","[[426, 224, 507, 313, 4], [1, 126, 117, 222, 2]]","[4, 2]"
393,393,2,"[[430, 230, 507, 312, 0.9956], [0, 123, 94, 228, 0.111]]","[[426, 226, 507, 314, 4], [-3, 126, 106, 223, 2]]","[4, 2]"
394,394,2,"[[431, 225, 507, 310, 0.997], [0, 125, 93, 223, 0.2141]]","[[427, 224, 508, 313, 4], [-4, 125, 100, 223, 2]]","[4, 2]"
395,395,2,"[[431, 228, 509, 310, 0.9978], [0, 125, 120, 223, 0.3976]]","[[428, 225, 509, 312, 4], [0, 125, 110, 222, 2]]","[4, 2]"
396,396,2,"[[430, 228, 510, 313, 0.9978], [0, 126, 119, 224, 0.6286]]","[[428, 226, 509, 314, 4], [2, 125, 114, 223, 2]]","[4, 2]"
397,397,2,"[[430, 228, 510, 312, 0.9981], [0, 130, 115, 222, 0.7936]]","[[428, 226, 510, 314, 4], [1, 127, 114, 223, 2]]","[4, 2]"
398,398,2,"[[431, 228, 510, 314, 0.9973], [0, 129, 117, 222, 0.702]]","[[428, 226, 510, 314, 4], [1, 127, 115, 223, 2]]","[4, 2]"
399,399,2,"[[430, 228, 511, 314, 0.9989], [0, 128, 118, 222, 0.6954]]","[[428, 227, 511, 315, 4], [1, 127, 116, 222, 2]]","[4, 2]"
400,400,2,"[[429, 225, 510, 313, 0.999], [0, 130, 117, 226, 0.7808]]","[[428, 225, 510, 314, 4], [0, 129, 116, 224, 2]]","[4, 2]"
401,401,2,"[[430, 224, 510, 310, 0.999], [0, 128, 117, 224, 0.1592]]","[[428, 223, 510, 312, 4], [0, 128, 116, 224, 2]]","[4, 2]"
402,402,2,"[[431, 227, 510, 311, 0.9986], [0, 127, 118, 225, 0.292]]","[[428, 224, 511, 312, 4], [0, 128, 117, 224, 2]]","[4, 2]"
403,403,2,"[[429, 224, 511, 311, 0.9977], [2, 127, 90, 222, 0.1918]]","[[428, 223, 511, 312, 4], [-3, 127, 104, 223, 2]]","[4, 2]"
404,404,2,"[[427, 217, 511, 312, 0.9949], [3, 128, 91, 223, 0.1193]]","[[427, 220, 511, 311, 4], [-3, 127, 99, 223, 2]]","[4, 2]"
405,405,2,"[[422, 221, 512, 309, 0.966], [0, 127, 116, 224, 0.1008]]","[[424, 219, 510, 310, 4], [1, 127, 107, 223, 2]]","[4, 2]"
406,406,2,"[[426, 223, 512, 313, 0.9931], [1, 120, 92, 206, 0.0985]]","[[424, 221, 511, 312, 4], [-1, 120, 100, 213, 2]]","[4, 2]"
407,407,2,"[[428, 219, 510, 319, 0.9983], [0, 128, 115, 223, 0.2227]]","[[425, 221, 511, 315, 4], [1, 125, 107, 219, 2]]","[4, 2]"
408,408,2,"[[428, 222, 509, 319, 0.9933], [0, 142, 130, 233, 0.0495]]","[[425, 221, 511, 317, 4], [5, 135, 117, 228, 2]]","[4, 2]"
409,409,2,"[[431, 221, 508, 326, 0.9975], [0, 128, 117, 223, 0.261]]","[[427, 223, 510, 321, 4], [2, 131, 116, 224, 2]]","[4, 2]"
410,410,2,"[[435, 233, 504, 324, 0.9983], [0, 143, 128, 230, 0.1511]]","[[429, 227, 509, 325, 4], [3, 137, 121, 229, 2]]","[4, 2]"
411,411,2,"[[435, 233, 504, 324, 0.9982], [0, 143, 130, 231, 0.2547]]","[[430, 230, 508, 326, 4], [3, 140, 124, 231, 2]]","[4, 2]"
412,412,2,"[[436, 233, 504, 324, 0.9972], [0, 127, 121, 224, 0.3884]]","[[432, 231, 507, 326, 4], [1, 133, 122, 225, 2]]","[4, 2]"
413,413,3,"[[435, 239, 504, 323, 0.9988], [0, 142, 129, 231, 0.1471], [458, 170, 504, 266, 0.0771]]","[[432, 234, 506, 326, 4], [2, 138, 125, 229, 2]]","[4, 2]"
414,414,3,"[[435, 237, 503, 321, 0.9982], [454, 183, 506, 261, 0.9482], [0, 143, 129, 231, 0.2639]]","[[455, 179, 504, 264, 5], [432, 234, 505, 324, 4], [2, 141, 126, 231, 2]]","[5, 4, 2]"
415,415,2,"[[437, 239, 501, 323, 0.9969], [0, 143, 128, 231, 0.1633]]","[[455, 185, 502, 266, 5], [433, 236, 504, 325, 4], [1, 142, 127, 231, 2]]","[5, 4, 2]"
416,416,3,"[[436, 240, 503, 323, 0.9977], [0, 144, 129, 231, 0.1719], [469, 124, 507, 250, 0.1006]]","[[464, 137, 511, 238, 5], [434, 237, 504, 325, 4], [1, 143, 127, 232, 2]]","[5, 4, 2]"
417,417,3,"[[437, 241, 500, 323, 0.9987], [461, 143, 502, 262, 0.7582], [0, 141, 131, 233, 0.0481]]","[[460, 142, 506, 249, 5], [434, 239, 502, 325, 4], [1, 142, 129, 232, 2]]","[5, 4, 2]"
418,418,4,"[[427, 224, 503, 321, 0.9855], [471, 113, 506, 230, 0.9006], [0, 142, 129, 232, 0.1013], [428, 0, 458, 400, 0.0422]]","[[466, 121, 508, 230, 5], [430, 231, 501, 320, 4], [0, 142, 129, 232, 2]]","[5, 4, 2]"
419,419,3,"[[427, 227, 507, 315, 0.9743], [469, 116, 506, 255, 0.9592], [0, 142, 131, 232, 0.1504]]","[[467, 121, 508, 238, 5], [429, 228, 503, 317, 4], [0, 142, 129, 232, 2]]","[5, 4, 2]"
420,420,2,"[[428, 227, 509, 310, 0.857], [1, 120, 99, 234, 0.6736]]","[[468, 113, 510, 231, 5], [429, 225, 505, 313, 4], [-5, 133, 116, 228, 2]]","[5, 4, 2]"
421,421,2,"[[0, 121, 126, 216, 0.906], [431, 224, 506, 309, 0.8407]]","[[430, 223, 506, 311, 4], [-1, 125, 121, 220, 2]]","[4, 2]"
422,422,3,"[[433, 223, 508, 314, 0.8595], [0, 111, 102, 221, 0.4425], [465, 121, 508, 223, 0.2391]]","[[466, 114, 508, 225, 5], [431, 223, 507, 312, 4], [-4, 118, 112, 217, 2]]","[5, 4, 2]"
423,423,2,"[[441, 221, 510, 316, 0.9975], [3, 119, 126, 215, 0.5465]]","[[466, 109, 508, 220, 5], [436, 222, 510, 313, 4], [1, 118, 120, 215, 2]]","[5, 4, 2]"
424,424,2,"[[452, 220, 511, 316, 0.9766], [14, 111, 116, 233, 0.9694]]","[[443, 221, 513, 313, 4], [6, 118, 120, 221, 2]]","[4, 2]"
425,425,3,"[[10, 111, 121, 234, 0.9945], [457, 216, 512, 318, 0.219], [472, 89, 508, 199, 0.0726]]","[[470, 90, 509, 199, 5], [449, 220, 515, 314, 4], [7, 117, 122, 225, 2]]","[5, 4, 2]"
426,426,3,"[[21, 109, 109, 233, 0.9667], [460, 103, 508, 210, 0.4662], [417, 0, 452, 400, 0.0994]]","[[417, -5, 451, 405, 6], [464, 96, 507, 205, 5], [450, 219, 517, 314, 4], [11, 115, 118, 226, 2]]","[6, 5, 4, 2]"
427,427,2,"[[16, 96, 109, 232, 0.9098], [443, 72, 512, 201, 0.2015]]","[[416, -7, 450, 407, 6], [454, 78, 506, 200, 5], [11, 107, 115, 224, 2]]","[6, 5, 2]"
428,428,2,"[[18, 92, 107, 234, 0.9913], [407, 61, 500, 163, 0.6594]]","[[429, 61, 495, 177, 5], [12, 102, 113, 225, 2]]","[5, 2]"
429,429,2,"[[379, 54, 485, 159, 0.9283], [8, 108, 116, 219, 0.4422]]","[[402, 51, 481, 165, 5], [11, 103, 113, 222, 2]]","[5, 2]"
430,430,2,"[[21, 90, 106, 233, 0.9859], [398, 60, 462, 170, 0.0649]]","[[394, 53, 470, 166, 5], [14, 99, 112, 223, 2]]","[5, 2]"
431,431,2,"[[383, 61, 470, 165, 0.6379], [22, 87, 107, 236, 0.3741]]","[[387, 53, 466, 165, 5], [16, 96, 111, 226, 2]]","[5, 2]"
432,432,2,"[[328, 30, 452, 136, 0.637], [22, 91, 108, 232, 0.2814]]","[[354, 34, 447, 146, 5], [18, 94, 111, 227, 2]]","[5, 2]"
433,433,2,"[[316, 40, 447, 123, 0.9853], [15, 37, 122, 244, 0.1967]]","[[332, 30, 438, 133, 5], [17, 71, 116, 223, 2]]","[5, 2]"
434,434,2,"[[301, 33, 440, 121, 0.9997], [23, 83, 111, 240, 0.2667]]","[[314, 26, 431, 125, 5], [19, 79, 115, 232, 2]]","[5, 2]"
435,435,2,"[[285, 33, 441, 115, 0.9997], [24, 87, 107, 241, 0.7113]]","[[298, 25, 428, 119, 5], [20, 83, 112, 237, 2]]","[5, 2]"
436,436,2,"[[278, 29, 442, 110, 1.0], [22, 88, 109, 239, 0.4542]]","[[287, 22, 428, 113, 5], [20, 85, 111, 238, 2]]","[5, 2]"
437,437,2,"[[261, 29, 438, 112, 1.0], [24, 85, 109, 241, 0.831]]","[[273, 22, 426, 112, 5], [21, 85, 111, 239, 2]]","[5, 2]"
438,438,2,"[[252, 30, 431, 112, 1.0], [18, 84, 112, 239, 0.7576]]","[[260, 23, 422, 111, 5], [20, 84, 110, 238, 2]]","[5, 2]"
439,439,2,"[[231, 31, 431, 115, 1.0], [18, 88, 107, 231, 0.9997]]","[[244, 25, 419, 113, 5], [18, 84, 108, 235, 2]]","[5, 2]"
440,440,2,"[[227, 26, 416, 118, 0.9997], [20, 88, 106, 227, 0.9403]]","[[231, 24, 412, 114, 5], [18, 84, 107, 232, 2]]","[5, 2]"
441,441,2,"[[205, 30, 413, 123, 1.0], [22, 85, 105, 229, 0.9934]]","[[215, 26, 405, 118, 5], [19, 83, 107, 230, 2]]","[5, 2]"
442,442,2,"[[193, 35, 415, 130, 1.0], [9, 50, 128, 230, 0.609]]","[[202, 30, 404, 124, 5], [18, 66, 115, 224, 2]]","[5, 2]"
443,443,2,"[[191, 34, 402, 127, 0.9999], [8, 38, 119, 231, 0.533]]","[[192, 31, 399, 125, 5], [14, 53, 115, 221, 2]]","[5, 2]"
444,444,2,"[[189, 36, 393, 132, 0.9985], [0, 39, 115, 229, 0.985]]","[[185, 33, 393, 129, 5], [7, 47, 112, 221, 2]]","[5, 2]"
445,445,2,"[[195, 37, 379, 135, 0.9997], [7, 31, 113, 241, 0.9822]]","[[183, 34, 386, 132, 5], [6, 42, 112, 226, 2]]","[5, 2]"
446,446,2,"[[197, 30, 370, 139, 0.9936], [8, 20, 117, 252, 0.8425]]","[[182, 33, 379, 134, 5], [7, 36, 115, 233, 2]]","[5, 2]"
447,447,2,"[[208, 33, 363, 134, 0.9995], [27, 92, 106, 233, 0.7764]]","[[188, 32, 374, 133, 5], [14, 60, 115, 243, 2]]","[5, 2]"
448,448,2,"[[217, 30, 361, 133, 0.9998], [25, 98, 101, 229, 0.9868]]","[[195, 30, 372, 132, 5], [16, 74, 111, 244, 2]]","[5, 2]"
449,449,2,"[[215, 30, 371, 134, 0.9999], [24, 97, 99, 222, 0.9718]]","[[201, 29, 373, 133, 5], [17, 80, 107, 238, 2]]","[5, 2]"
450,450,2,"[[208, 31, 370, 134, 0.9988], [23, 93, 102, 224, 0.9978]]","[[201, 29, 372, 133, 5], [18, 83, 106, 234, 2]]","[5, 2]"
451,451,2,"[[27, 64, 104, 235, 0.9988], [205, 39, 367, 137, 0.9679]]","[[199, 33, 369, 136, 5], [21, 75, 106, 230, 2]]","[5, 2]"
452,452,2,"[[28, 70, 108, 230, 0.9973], [201, 36, 372, 141, 0.955]]","[[198, 34, 369, 139, 5], [25, 72, 108, 229, 2]]","[5, 2]"
453,453,2,"[[30, 72, 107, 228, 0.9967], [202, 31, 377, 145, 0.9426]]","[[199, 33, 373, 141, 5], [27, 71, 108, 228, 2]]","[5, 2]"
454,454,2,"[[31, 71, 106, 230, 0.9956], [195, 40, 381, 151, 0.933]]","[[196, 37, 375, 147, 5], [28, 71, 108, 228, 2]]","[5, 2]"
455,455,2,"[[28, 70, 103, 227, 0.9988], [195, 40, 380, 153, 0.9671]]","[[195, 39, 376, 150, 5], [27, 70, 105, 227, 2]]","[5, 2]"
456,456,2,"[[28, 70, 103, 225, 0.9993], [194, 48, 379, 156, 0.9812]]","[[193, 44, 377, 155, 5], [27, 69, 104, 226, 2]]","[5, 2]"
457,457,2,"[[23, 71, 104, 222, 0.9994], [200, 46, 383, 170, 0.9859]]","[[195, 47, 380, 163, 5], [25, 69, 103, 224, 2]]","[5, 2]"
458,458,2,"[[24, 71, 103, 220, 0.9996], [203, 46, 386, 179, 0.9644]]","[[198, 49, 384, 170, 5], [24, 69, 103, 222, 2]]","[5, 2]"
459,459,2,"[[25, 71, 103, 223, 0.9993], [237, 80, 346, 196, 0.9111]]","[[207, 68, 373, 189, 5], [24, 69, 103, 222, 2]]","[5, 2]"
460,460,2,"[[23, 69, 107, 224, 0.9993], [225, 74, 363, 193, 0.9963]]","[[212, 72, 371, 193, 5], [24, 69, 104, 223, 2]]","[5, 2]"
461,461,2,"[[208, 46, 338, 237, 0.9984], [27, 68, 106, 231, 0.9979]]","[[201, 71, 356, 207, 5], [25, 70, 105, 226, 2]]","[5, 2]"
462,462,2,"[[30, 66, 109, 232, 0.995], [209, 53, 335, 245, 0.9936]]","[[198, 72, 348, 220, 5], [28, 69, 108, 228, 2]]","[5, 2]"
463,463,2,"[[27, 94, 106, 225, 0.9958], [215, 56, 319, 261, 0.9621]]","[[198, 76, 338, 235, 5], [27, 80, 107, 231, 2]]","[5, 2]"
464,464,2,"[[23, 87, 111, 231, 0.9988], [201, 67, 308, 265, 0.9944]]","[[192, 79, 324, 247, 5], [26, 83, 108, 232, 2]]","[5, 2]"
465,465,2,"[[28, 85, 112, 235, 0.9931], [197, 98, 315, 249, 0.9893]]","[[191, 89, 320, 253, 5], [27, 84, 110, 234, 2]]","[5, 2]"
466,466,2,"[[25, 90, 116, 235, 0.9897], [211, 76, 313, 251, 0.9638]]","[[197, 84, 319, 251, 5], [27, 87, 112, 235, 2]]","[5, 2]"
467,467,2,"[[23, 96, 114, 230, 0.9939], [220, 97, 312, 244, 0.3676]]","[[205, 89, 319, 252, 5], [25, 90, 112, 234, 2]]","[5, 2]"
468,468,2,"[[21, 104, 110, 227, 0.9981], [219, 79, 316, 260, 0.8727]]","[[209, 87, 320, 255, 5], [23, 96, 110, 233, 2]]","[5, 2]"
469,469,2,"[[18, 104, 108, 230, 0.9993], [224, 82, 313, 270, 0.1674]]","[[213, 89, 319, 262, 5], [20, 99, 108, 233, 2]]","[5, 2]"
470,470,2,"[[17, 100, 109, 231, 0.9983], [216, 120, 328, 262, 0.6185]]","[[215, 104, 323, 269, 5], [18, 99, 108, 232, 2]]","[5, 2]"
471,471,2,"[[20, 96, 110, 235, 0.9876], [219, 101, 316, 256, 0.246]]","[[215, 101, 320, 264, 5], [19, 98, 109, 233, 2]]","[5, 2]"
472,472,2,"[[21, 103, 108, 227, 0.9924], [236, 160, 334, 304, 0.1645]]","[[226, 137, 330, 295, 5], [19, 99, 108, 231, 2]]","[5, 2]"
473,473,2,"[[18, 97, 108, 235, 0.9977], [234, 142, 337, 312, 0.9331]]","[[230, 144, 335, 306, 5], [18, 99, 108, 232, 2]]","[5, 2]"
474,474,2,"[[18, 96, 110, 235, 0.9953], [236, 158, 339, 320, 0.7457]]","[[233, 155, 338, 317, 5], [18, 98, 108, 233, 2]]","[5, 2]"
475,475,2,"[[17, 95, 111, 236, 0.99], [235, 161, 353, 317, 0.6336]]","[[237, 159, 345, 321, 5], [18, 97, 109, 234, 2]]","[5, 2]"
476,476,2,"[[23, 93, 107, 239, 0.9791], [251, 165, 362, 333, 0.8155]]","[[246, 166, 356, 330, 5], [19, 96, 109, 235, 2]]","[5, 2]"
477,477,2,"[[23, 95, 108, 236, 0.9867], [247, 163, 361, 349, 0.834]]","[[247, 170, 359, 341, 5], [21, 96, 109, 235, 2]]","[5, 2]"
478,478,2,"[[21, 96, 109, 236, 0.9872], [253, 155, 361, 363, 0.3434]]","[[250, 169, 362, 350, 5], [21, 96, 109, 235, 2]]","[5, 2]"
479,479,2,"[[21, 95, 109, 237, 0.9879], [247, 149, 356, 368, 0.3266]]","[[247, 165, 359, 357, 5], [20, 96, 109, 236, 2]]","[5, 2]"
480,480,2,"[[21, 98, 109, 232, 0.9893], [243, 150, 355, 376, 0.7088]]","[[244, 164, 357, 365, 5], [20, 96, 109, 234, 2]]","[5, 2]"
481,481,2,"[[21, 100, 110, 232, 0.9918], [246, 214, 366, 350, 0.4251]]","[[246, 187, 363, 368, 5], [21, 97, 109, 234, 2]]","[5, 2]"
482,482,2,"[[20, 104, 110, 226, 0.9991], [233, 195, 325, 316, 0.6296]]","[[232, 183, 344, 348, 5], [20, 99, 109, 231, 2]]","[5, 2]"
483,483,2,"[[20, 103, 110, 229, 0.9991], [228, 204, 376, 366, 0.99]]","[[236, 197, 358, 362, 5], [20, 100, 109, 231, 2]]","[5, 2]"
484,484,2,"[[20, 101, 110, 231, 0.9976], [229, 206, 374, 367, 0.9939]]","[[235, 203, 364, 368, 5], [20, 100, 109, 231, 2]]","[5, 2]"
485,485,2,"[[232, 208, 383, 371, 0.9977], [19, 98, 109, 233, 0.9962]]","[[237, 207, 373, 372, 5], [19, 99, 109, 231, 2]]","[5, 2]"
486,486,2,"[[19, 94, 109, 240, 0.9994], [238, 227, 387, 368, 0.9793]]","[[240, 217, 380, 376, 5], [19, 98, 109, 234, 2]]","[5, 2]"
487,487,2,"[[11, 109, 115, 236, 0.9997], [242, 223, 425, 364, 0.962]]","[[249, 220, 402, 373, 5], [16, 104, 110, 237, 2]]","[5, 2]"
488,488,2,"[[6, 106, 120, 242, 0.9998], [252, 225, 441, 365, 0.9642]]","[[258, 222, 422, 372, 5], [13, 106, 112, 240, 2]]","[5, 2]"
489,489,3,"[[6, 107, 116, 242, 0.9993], [258, 250, 426, 374, 0.9989], [471, 248, 507, 287, 0.0411]]","[[259, 237, 425, 379, 5], [10, 107, 112, 241, 2]]","[5, 2]"
490,490,3,"[[267, 273, 426, 373, 0.9995], [0, 116, 110, 238, 0.9922], [469, 236, 508, 300, 0.651]]","[[467, 239, 509, 296, 7], [263, 254, 429, 384, 5], [4, 110, 109, 241, 2]]","[7, 5, 2]"
491,491,3,"[[304, 283, 440, 379, 0.9978], [448, 235, 506, 314, 0.9706], [10, 110, 116, 240, 0.6496]]","[[449, 236, 506, 312, 7], [284, 268, 444, 389, 5], [8, 110, 113, 241, 2]]","[7, 5, 2]"
492,492,3,"[[317, 288, 438, 376, 0.9955], [437, 235, 504, 313, 0.9705], [10, 130, 113, 219, 0.6884]]","[[437, 233, 502, 316, 7], [299, 276, 450, 389, 5], [8, 116, 114, 234, 2]]","[7, 5, 2]"
493,493,3,"[[316, 294, 448, 387, 0.9898], [432, 242, 510, 306, 0.9777], [2, 129, 111, 221, 0.0909]]","[[433, 235, 505, 314, 7], [308, 286, 454, 394, 5], [4, 120, 111, 230, 2]]","[7, 5, 2]"
494,494,3,"[[317, 294, 451, 386, 0.9597], [430, 243, 510, 306, 0.9196], [2, 131, 111, 222, 0.6212]]","[[430, 237, 506, 312, 7], [313, 290, 456, 394, 5], [2, 124, 110, 228, 2]]","[7, 5, 2]"
495,495,3,"[[0, 143, 122, 232, 0.8941], [434, 235, 506, 321, 0.8314], [314, 286, 445, 377, 0.246]]","[[429, 237, 507, 318, 7], [312, 286, 453, 387, 5], [3, 134, 115, 233, 2]]","[7, 5, 2]"
496,496,3,"[[431, 241, 507, 309, 0.9821], [2, 142, 124, 236, 0.9082], [321, 285, 451, 372, 0.1303]]","[[428, 237, 507, 315, 7], [317, 284, 455, 381, 5], [4, 138, 119, 236, 2]]","[7, 5, 2]"
497,497,3,"[[0, 144, 124, 236, 0.9915], [438, 229, 502, 327, 0.9746], [344, 283, 485, 380, 0.6063]]","[[429, 235, 506, 320, 7], [336, 284, 476, 382, 5], [3, 141, 120, 237, 2]]","[7, 5, 2]"
498,498,3,"[[0, 143, 124, 236, 0.9906], [432, 237, 507, 310, 0.8279], [352, 274, 491, 374, 0.099]]","[[429, 234, 507, 316, 7], [348, 279, 488, 377, 5], [2, 142, 121, 237, 2]]","[7, 5, 2]"
499,499,2,"[[0, 143, 125, 235, 0.9663], [432, 240, 506, 308, 0.8431]]","[[429, 235, 506, 314, 7], [354, 282, 494, 380, 5], [1, 142, 122, 237, 2]]","[7, 5, 2]"
500,500,2,"[[0, 142, 125, 235, 0.9822], [432, 227, 504, 329, 0.9697]]","[[428, 233, 506, 320, 7], [1, 142, 123, 236, 2]]","[7, 2]"
501,501,3,"[[0, 141, 126, 234, 0.9618], [431, 225, 505, 333, 0.8967], [349, 297, 484, 386, 0.0649]]","[[427, 231, 507, 325, 7], [350, 293, 489, 388, 5], [1, 141, 124, 235, 2]]","[7, 5, 2]"
502,502,2,"[[428, 235, 509, 313, 0.9774], [0, 142, 124, 234, 0.9574]]","[[427, 230, 508, 320, 7], [355, 296, 494, 391, 5], [0, 141, 123, 235, 2]]","[7, 5, 2]"
503,503,2,"[[433, 224, 504, 331, 0.9786], [0, 141, 125, 235, 0.9728]]","[[427, 229, 507, 324, 7], [0, 141, 124, 235, 2]]","[7, 2]"
504,504,3,"[[0, 143, 126, 235, 0.9665], [438, 228, 501, 328, 0.9627], [342, 279, 485, 381, 0.1383]]","[[430, 229, 506, 326, 7], [346, 283, 487, 382, 5], [0, 142, 124, 235, 2]]","[7, 5, 2]"
505,505,3,"[[325, 290, 448, 373, 0.9725], [440, 242, 503, 320, 0.9557], [0, 143, 125, 234, 0.8334]]","[[433, 233, 506, 326, 7], [329, 285, 465, 379, 5], [0, 142, 124, 235, 2]]","[7, 5, 2]"
506,506,3,"[[320, 285, 443, 376, 0.9972], [436, 240, 506, 317, 0.9728], [0, 142, 126, 232, 0.7311]]","[[434, 234, 506, 323, 7], [321, 285, 453, 378, 5], [0, 142, 125, 233, 2]]","[7, 5, 2]"
507,507,3,"[[301, 287, 448, 382, 0.9997], [435, 240, 507, 320, 0.9803], [0, 142, 125, 233, 0.8931]]","[[434, 236, 507, 323, 7], [310, 287, 447, 380, 5], [0, 142, 125, 233, 2]]","[7, 5, 2]"
508,508,3,"[[300, 283, 440, 373, 0.9978], [433, 232, 506, 315, 0.9786], [0, 143, 127, 234, 0.7007]]","[[432, 232, 506, 319, 7], [304, 284, 441, 376, 5], [0, 142, 125, 234, 2]]","[7, 5, 2]"
509,509,3,"[[288, 279, 447, 374, 0.9995], [435, 223, 503, 317, 0.9911], [0, 143, 124, 234, 0.8435]]","[[432, 227, 505, 316, 7], [297, 281, 441, 375, 5], [0, 143, 124, 234, 2]]","[7, 5, 2]"
510,510,3,"[[286, 278, 433, 372, 0.9938], [435, 220, 508, 314, 0.9749], [0, 143, 126, 234, 0.8369]]","[[433, 222, 507, 314, 7], [289, 279, 435, 373, 5], [0, 143, 125, 234, 2]]","[7, 5, 2]"
511,511,3,"[[277, 287, 408, 369, 0.9802], [433, 213, 506, 316, 0.9721], [0, 143, 125, 233, 0.9366]]","[[432, 218, 506, 313, 7], [278, 282, 419, 373, 5], [0, 142, 125, 233, 2]]","[7, 5, 2]"
512,512,3,"[[0, 143, 126, 234, 0.96], [267, 290, 404, 376, 0.9053], [435, 223, 507, 307, 0.8616]]","[[433, 218, 507, 311, 7], [268, 286, 409, 376, 5], [0, 143, 125, 234, 2]]","[7, 5, 2]"
513,513,3,"[[233, 287, 388, 380, 0.9831], [0, 142, 125, 235, 0.9534], [426, 201, 512, 300, 0.8433]]","[[430, 207, 508, 303, 7], [246, 287, 391, 378, 5], [0, 142, 125, 234, 2]]","[7, 5, 2]"
514,514,3,"[[228, 287, 380, 380, 0.9967], [0, 143, 122, 234, 0.992], [444, 175, 507, 301, 0.8468]]","[[435, 191, 510, 294, 7], [234, 287, 381, 379, 5], [0, 143, 123, 234, 2]]","[7, 5, 2]"
515,515,3,"[[219, 285, 388, 380, 0.9999], [0, 143, 123, 235, 0.9906], [447, 180, 507, 296, 0.7574]]","[[439, 185, 511, 292, 7], [226, 286, 379, 379, 5], [0, 143, 123, 234, 2]]","[7, 5, 2]"
516,516,3,"[[190, 287, 387, 381, 1.0], [0, 143, 125, 235, 0.9874], [446, 181, 508, 296, 0.8433]]","[[441, 183, 511, 292, 7], [208, 287, 374, 380, 5], [0, 143, 124, 234, 2]]","[7, 5, 2]"
517,517,3,"[[178, 290, 358, 381, 0.9998], [446, 183, 507, 293, 0.9749], [0, 141, 129, 235, 0.9527]]","[[442, 182, 510, 292, 7], [189, 288, 359, 381, 5], [0, 142, 126, 234, 2]]","[7, 5, 2]"
518,518,3,"[[171, 278, 339, 381, 0.9997], [0, 142, 128, 235, 0.9798], [450, 179, 507, 294, 0.913]]","[[445, 179, 510, 291, 7], [174, 283, 344, 379, 5], [0, 142, 127, 234, 2]]","[7, 5, 2]"
519,519,3,"[[165, 283, 331, 376, 0.9994], [0, 142, 128, 235, 0.9595], [456, 182, 507, 289, 0.8322]]","[[449, 179, 511, 290, 7], [164, 282, 333, 378, 5], [0, 142, 127, 234, 2]]","[7, 5, 2]"
520,520,3,"[[153, 285, 310, 370, 0.9945], [0, 142, 127, 235, 0.7818], [457, 172, 510, 295, 0.7189]]","[[452, 175, 512, 290, 7], [151, 282, 318, 374, 5], [0, 142, 127, 234, 2]]","[7, 5, 2]"
521,521,3,"[[154, 271, 300, 365, 0.9969], [457, 169, 511, 299, 0.3913], [2, 144, 127, 232, 0.346]]","[[454, 173, 513, 292, 7], [146, 275, 307, 368, 5], [1, 142, 127, 233, 2]]","[7, 5, 2]"
522,522,2,"[[160, 267, 298, 356, 0.9838], [9, 133, 113, 224, 0.892]]","[[455, 171, 514, 290, 7], [147, 268, 302, 360, 5], [2, 136, 122, 227, 2]]","[7, 5, 2]"
523,523,3,"[[140, 249, 289, 356, 0.9093], [6, 121, 91, 230, 0.1941], [467, 69, 508, 187, 0.042]]","[[138, 258, 292, 354, 5], [-2, 130, 108, 224, 2]]","[5, 2]"
524,524,3,"[[5, 125, 92, 226, 0.9049], [472, 66, 508, 195, 0.8694], [142, 250, 270, 354, 0.0912]]","[[470, 69, 509, 191, 8], [132, 253, 280, 351, 5], [-2, 127, 102, 223, 2]]","[8, 5, 2]"
525,525,3,"[[5, 115, 89, 243, 0.9972], [465, 60, 509, 195, 0.9929], [63, 243, 214, 331, 0.919]]","[[466, 60, 508, 194, 8], [84, 244, 233, 339, 5], [-2, 126, 97, 228, 2]]","[8, 5, 2]"
526,526,3,"[[0, 118, 88, 243, 0.9924], [461, 62, 507, 195, 0.9916], [60, 244, 218, 335, 0.627]]","[[461, 59, 506, 196, 8], [66, 242, 217, 336, 5], [-3, 125, 93, 233, 2]]","[8, 5, 2]"
527,527,3,"[[456, 63, 507, 195, 0.9987], [3, 132, 86, 246, 0.9962], [55, 245, 209, 329, 0.9819]]","[[457, 58, 505, 198, 8], [54, 241, 207, 332, 5], [-2, 130, 90, 239, 2]]","[8, 5, 2]"
528,528,3,"[[5, 114, 82, 246, 0.9998], [457, 65, 508, 193, 0.9996], [59, 244, 210, 333, 0.9234]]","[[456, 59, 506, 197, 8], [53, 241, 205, 332, 5], [-1, 124, 87, 238, 2]]","[8, 5, 2]"
529,529,3,"[[455, 57, 511, 200, 0.9989], [3, 114, 81, 248, 0.9982], [57, 245, 203, 329, 0.9448]]","[[455, 56, 508, 200, 8], [50, 241, 201, 330, 5], [-1, 122, 85, 240, 2]]","[8, 5, 2]"
530,530,3,"[[450, 67, 506, 175, 0.9991], [0, 116, 87, 263, 0.9987], [54, 252, 199, 332, 0.984]]","[[451, 57, 505, 189, 8], [47, 245, 197, 332, 5], [0, 123, 85, 249, 2]]","[8, 5, 2]"
531,531,3,"[[1, 117, 82, 272, 0.999], [449, 66, 509, 174, 0.9967], [55, 250, 200, 333, 0.9078]]","[[450, 58, 506, 183, 8], [48, 247, 196, 332, 5], [-1, 125, 84, 258, 2]]","[8, 5, 2]"
532,532,3,"[[1, 117, 83, 272, 0.9998], [446, 66, 510, 171, 0.9817], [54, 246, 204, 327, 0.9597]]","[[448, 58, 507, 178, 8], [49, 244, 198, 329, 5], [0, 124, 83, 262, 2]]","[8, 5, 2]"
533,533,3,"[[3, 117, 81, 270, 0.9998], [448, 63, 509, 174, 0.8245], [57, 249, 193, 332, 0.4529]]","[[447, 59, 507, 177, 8], [48, 246, 194, 330, 5], [0, 122, 83, 264, 2]]","[8, 5, 2]"
534,534,3,"[[4, 120, 83, 266, 0.9986], [449, 61, 510, 175, 0.9431], [3, 259, 96, 336, 0.1099]]","[[448, 58, 508, 176, 8], [6, 252, 137, 335, 5], [1, 122, 83, 265, 2]]","[8, 5, 2]"
535,535,3,"[[2, 117, 85, 264, 0.9986], [449, 58, 511, 178, 0.9871], [6, 239, 96, 330, 0.1129]]","[[448, 57, 510, 177, 8], [-5, 245, 114, 329, 5], [1, 119, 84, 263, 2]]","[8, 5, 2]"
536,536,3,"[[6, 118, 83, 267, 0.9993], [10, 239, 91, 332, 0.9804], [453, 68, 506, 160, 0.1139]]","[[449, 59, 508, 170, 8], [-7, 242, 102, 328, 5], [3, 119, 84, 265, 2]]","[8, 5, 2]"
537,537,2,"[[7, 117, 82, 246, 0.9979], [10, 247, 96, 329, 0.5281]]","[[448, 57, 508, 169, 8], [-4, 244, 98, 329, 5], [4, 115, 83, 255, 2]]","[8, 5, 2]"
538,538,3,"[[7, 120, 85, 239, 0.996], [414, 47, 491, 129, 0.6819], [4, 236, 93, 327, 0.5401]]","[[425, 43, 491, 143, 8], [-5, 239, 94, 326, 5], [5, 114, 84, 248, 2]]","[8, 5, 2]"
539,539,2,"[[10, 111, 84, 269, 0.9926], [415, 43, 493, 128, 0.2587]]","[[419, 39, 489, 134, 8], [-14, 238, 84, 324, 5], [7, 116, 85, 256, 2]]","[8, 5, 2]"
540,540,2,"[[11, 109, 83, 283, 0.9977], [407, 38, 491, 126, 0.2338]]","[[412, 35, 487, 129, 8], [8, 118, 85, 266, 2]]","[8, 2]"
541,541,2,"[[371, 41, 488, 118, 0.9991], [12, 107, 81, 275, 0.9764]]","[[391, 35, 479, 123, 8], [9, 115, 83, 268, 2]]","[8, 2]"
542,542,3,"[[369, 45, 488, 118, 0.9999], [12, 122, 87, 238, 0.848], [11, 212, 84, 320, 0.6782]]","[[380, 37, 478, 121, 8], [-2, 221, 86, 313, 5], [10, 113, 86, 255, 2]]","[8, 5, 2]"
543,543,2,"[[368, 46, 480, 121, 0.9997], [11, 125, 90, 293, 0.9795]]","[[373, 40, 475, 121, 8], [-8, 218, 80, 311, 5], [11, 125, 88, 274, 2]]","[8, 5, 2]"
544,544,3,"[[353, 40, 471, 122, 0.9999], [5, 211, 81, 321, 0.9143], [12, 120, 85, 243, 0.3039]]","[[361, 38, 468, 121, 8], [-2, 216, 82, 314, 5], [11, 117, 86, 259, 2]]","[8, 5, 2]"
545,545,2,"[[342, 28, 461, 112, 0.9969], [8, 125, 97, 299, 0.9951]]","[[348, 30, 460, 114, 8], [-8, 214, 76, 312, 5], [11, 128, 91, 279, 2]]","[8, 5, 2]"
546,546,2,"[[318, 33, 465, 112, 0.9999], [10, 127, 95, 297, 0.9994]]","[[332, 30, 455, 112, 8], [11, 131, 92, 287, 2]]","[8, 2]"
547,547,2,"[[314, 34, 455, 110, 0.9999], [5, 149, 92, 294, 0.9998]]","[[321, 30, 450, 111, 8], [8, 141, 91, 294, 2]]","[8, 2]"
548,548,2,"[[5, 143, 96, 305, 0.9992], [305, 37, 443, 108, 0.9987]]","[[309, 31, 442, 110, 8], [7, 144, 92, 300, 2]]","[8, 2]"
549,549,2,"[[309, 36, 451, 109, 1.0], [5, 197, 82, 308, 0.9466]]","[[308, 32, 444, 109, 8], [4, 171, 87, 314, 2]]","[8, 2]"
550,550,2,"[[301, 33, 448, 109, 1.0], [26, 167, 107, 312, 0.8822]]","[[303, 31, 443, 109, 8], [17, 170, 100, 313, 2]]","[8, 2]"
551,551,2,"[[284, 36, 451, 112, 1.0], [18, 147, 94, 305, 0.9834]]","[[293, 33, 441, 110, 8], [16, 159, 98, 306, 2]]","[8, 2]"
552,552,2,"[[286, 38, 455, 112, 1.0], [37, 169, 99, 306, 0.9953]]","[[289, 34, 445, 112, 8], [26, 164, 102, 309, 2]]","[8, 2]"
553,553,3,"[[289, 41, 448, 111, 1.0], [4, 149, 64, 269, 0.8581], [63, 239, 206, 337, 0.8554]]","[[287, 36, 445, 112, 8], [27, 167, 103, 311, 2]]","[8, 2]"
554,554,3,"[[289, 38, 443, 109, 1.0], [57, 239, 211, 335, 0.9396], [9, 110, 83, 241, 0.9152]]","[[58, 238, 209, 335, 10], [10, 109, 81, 242, 9], [285, 36, 443, 110, 8]]","[10, 9, 8]"
555,555,3,"[[284, 38, 441, 110, 0.9999], [41, 240, 210, 333, 0.9969], [8, 97, 83, 254, 0.474]]","[[45, 237, 206, 335, 10], [7, 97, 84, 249, 9], [282, 36, 440, 110, 8]]","[10, 9, 8]"
556,556,3,"[[257, 34, 445, 127, 1.0], [12, 96, 92, 226, 0.9998], [47, 235, 210, 331, 0.9965]]","[[45, 234, 208, 332, 10], [11, 89, 90, 234, 9], [268, 37, 437, 117, 8]]","[10, 9, 8]"
557,557,3,"[[253, 34, 429, 131, 1.0], [35, 239, 220, 334, 0.9982], [14, 107, 90, 242, 0.8153]]","[[40, 235, 213, 334, 10], [13, 98, 91, 240, 9], [257, 37, 430, 123, 8]]","[10, 9, 8]"
558,558,3,"[[242, 38, 417, 132, 0.9999], [41, 241, 235, 335, 0.9969], [10, 113, 97, 232, 0.9948]]","[[43, 237, 225, 336, 10], [13, 103, 94, 238, 9], [245, 39, 420, 127, 8]]","[10, 9, 8]"
559,559,3,"[[245, 34, 406, 115, 0.9998], [47, 239, 240, 337, 0.9978], [1, 64, 83, 166, 0.9283]]","[[47, 237, 235, 338, 10], [5, 69, 86, 191, 9], [239, 34, 412, 121, 8]]","[10, 9, 8]"
560,560,3,"[[201, 17, 411, 112, 0.9997], [129, 255, 272, 355, 0.9805], [10, 52, 92, 179, 0.1001]]","[[96, 250, 269, 349, 10], [8, 54, 90, 179, 9], [218, 23, 403, 114, 8]]","[10, 9, 8]"
561,561,3,"[[153, 253, 269, 344, 0.9957], [218, 1, 382, 116, 0.9882], [21, 49, 102, 213, 0.9716]]","[[128, 252, 281, 346, 10], [15, 53, 100, 192, 9], [210, 13, 392, 109, 8]]","[10, 9, 8]"
562,562,3,"[[156, 253, 277, 340, 0.9987], [211, 9, 395, 120, 0.9985], [26, 56, 96, 206, 0.9883]]","[[146, 252, 287, 343, 10], [20, 55, 101, 196, 9], [208, 12, 392, 113, 8]]","[10, 9, 8]"
563,563,3,"[[220, 6, 382, 127, 0.9955], [26, 69, 95, 197, 0.989], [157, 248, 272, 333, 0.9503]]","[[153, 250, 284, 336, 10], [22, 60, 99, 196, 9], [208, 11, 388, 117, 8]]","[10, 9, 8]"
564,564,3,"[[205, 9, 393, 119, 0.9972], [26, 60, 96, 198, 0.9953], [159, 246, 266, 333, 0.9043]]","[[157, 248, 278, 333, 10], [24, 58, 99, 195, 9], [205, 9, 388, 117, 8]]","[10, 9, 8]"
565,565,3,"[[24, 54, 97, 183, 0.9999], [192, 25, 369, 109, 0.9908], [151, 230, 266, 336, 0.9552]]","[[155, 241, 274, 330, 10], [24, 52, 98, 186, 9], [192, 14, 376, 116, 8]]","[10, 9, 8]"
566,566,3,"[[24, 56, 98, 183, 0.9999], [172, 23, 353, 109, 0.9998], [152, 208, 275, 343, 0.992]]","[[154, 228, 278, 329, 10], [24, 51, 98, 183, 9], [175, 16, 360, 114, 8]]","[10, 9, 8]"
567,567,3,"[[23, 55, 102, 184, 0.9999], [172, 23, 360, 110, 0.9996], [163, 205, 285, 342, 0.9975]]","[[161, 219, 286, 330, 10], [24, 51, 100, 183, 9], [170, 18, 357, 113, 8]]","[10, 9, 8]"
568,568,3,"[[170, 24, 361, 112, 0.9999], [28, 61, 98, 181, 0.9997], [164, 207, 294, 334, 0.9988]]","[[166, 213, 293, 329, 10], [26, 54, 100, 182, 9], [168, 20, 357, 113, 8]]","[10, 9, 8]"
569,569,3,"[[170, 22, 363, 110, 0.9999], [27, 61, 100, 181, 0.9991], [169, 211, 300, 337, 0.9978]]","[[170, 213, 299, 331, 10], [27, 55, 100, 181, 9], [167, 19, 358, 112, 8]]","[10, 9, 8]"
570,570,3,"[[28, 60, 99, 182, 0.9977], [183, 21, 353, 106, 0.9976], [165, 205, 300, 340, 0.9971]]","[[169, 210, 301, 333, 10], [27, 56, 100, 181, 9], [171, 18, 357, 109, 8]]","[10, 9, 8]"
571,571,3,"[[189, 20, 348, 109, 0.9984], [28, 68, 99, 172, 0.9975], [161, 203, 297, 342, 0.995]]","[[166, 207, 300, 336, 10], [28, 59, 100, 177, 9], [175, 18, 355, 109, 8]]","[10, 9, 8]"
572,572,3,"[[183, 10, 347, 104, 0.9985], [29, 73, 100, 162, 0.9695], [164, 195, 297, 347, 0.9104]]","[[165, 203, 300, 338, 10], [28, 62, 100, 170, 9], [175, 13, 351, 105, 8]]","[10, 9, 8]"
573,573,3,"[[173, 18, 359, 115, 0.9979], [163, 148, 362, 335, 0.9966], [30, 55, 107, 153, 0.9085]]","[[175, 173, 332, 328, 10], [31, 55, 103, 159, 9], [173, 16, 353, 110, 8]]","[10, 9, 8]"
574,574,2,"[[224, 138, 395, 287, 0.9939], [212, 16, 363, 146, 0.991]]","[[211, 147, 373, 302, 10], [32, 52, 104, 156, 9], [190, 23, 365, 125, 8]]","[10, 9, 8]"
575,575,2,"[[234, 139, 415, 255, 0.9999], [206, 23, 353, 132, 0.9466]]","[[231, 133, 401, 276, 10], [194, 24, 362, 128, 8]]","[10, 8]"
576,576,2,"[[245, 126, 429, 253, 0.9971], [159, 11, 372, 125, 0.981]]","[[246, 123, 421, 262, 10], [178, 17, 360, 125, 8]]","[10, 8]"
577,577,2,"[[262, 122, 434, 235, 0.9024], [205, 22, 360, 138, 0.7636]]","[[259, 115, 434, 246, 10], [189, 21, 364, 132, 8]]","[10, 8]"
578,578,2,"[[163, 1, 339, 93, 0.9942], [296, 123, 481, 230, 0.9892]]","[[288, 113, 467, 237, 10], [171, 4, 347, 110, 8]]","[10, 8]"
579,579,2,"[[421, 140, 504, 234, 0.9869], [230, 35, 334, 171, 0.2729]]","[[361, 121, 514, 239, 10], [193, 31, 352, 142, 8]]","[10, 8]"
580,580,3,"[[427, 144, 501, 233, 0.9956], [227, 46, 376, 189, 0.9164], [296, 0, 441, 88, 0.0429]]","[[395, 127, 526, 239, 10], [212, 47, 369, 166, 8]]","[10, 8]"
581,581,2,"[[429, 144, 501, 236, 0.9868], [229, 44, 390, 180, 0.76]]","[[412, 132, 526, 239, 10], [223, 49, 383, 173, 8]]","[10, 8]"
582,582,3,"[[429, 141, 507, 241, 0.9999], [231, 52, 395, 189, 0.9596], [308, 3, 452, 101, 0.2079]]","[[306, 4, 453, 99, 11], [422, 135, 526, 240, 10], [229, 54, 390, 182, 8]]","[11, 10, 8]"
583,583,3,"[[425, 157, 511, 253, 0.9989], [242, 70, 404, 187, 0.9927], [299, 1, 441, 97, 0.1484]]","[[299, 2, 445, 97, 11], [427, 146, 524, 248, 10], [237, 63, 400, 189, 8]]","[11, 10, 8]"
584,584,3,"[[315, 5, 442, 106, 0.9857], [429, 157, 510, 267, 0.9778], [250, 75, 418, 197, 0.6174]]","[[307, 6, 446, 102, 11], [430, 154, 523, 257, 10], [247, 71, 412, 196, 8]]","[11, 10, 8]"
585,585,3,"[[440, 188, 510, 280, 0.994], [388, 28, 498, 141, 0.7728], [274, 79, 407, 210, 0.4035]]","[[362, 28, 491, 127, 11], [437, 174, 522, 273, 10], [259, 78, 416, 205, 8]]","[11, 10, 8]"
586,586,3,"[[439, 181, 509, 287, 0.9836], [423, 49, 510, 153, 0.3741], [301, 97, 453, 243, 0.2275]]","[[404, 48, 516, 145, 11], [440, 180, 520, 280, 10], [286, 95, 442, 228, 8]]","[11, 10, 8]"
587,587,3,"[[444, 184, 510, 291, 0.9997], [444, 63, 509, 167, 0.9979], [308, 89, 453, 241, 0.5967]]","[[431, 67, 524, 159, 11], [444, 185, 519, 285, 10], [299, 97, 454, 234, 8]]","[11, 10, 8]"
588,588,3,"[[448, 72, 511, 186, 0.9999], [345, 122, 484, 268, 0.9761], [473, 237, 512, 276, 0.0806]]","[[444, 82, 526, 173, 11], [458, 208, 526, 290, 10], [328, 116, 479, 257, 8]]","[11, 10, 8]"
589,589,1,"[[457, 67, 512, 202, 0.9659]]","[[454, 88, 526, 184, 11], [470, 211, 536, 291, 10], [335, 123, 487, 264, 8]]","[11, 10, 8]"
590,590,2,"[[463, 90, 512, 204, 0.8285], [423, 189, 505, 281, 0.7647]]","[[462, 100, 524, 194, 11], [388, 162, 519, 291, 8]]","[11, 8]"
591,591,2,"[[459, 100, 511, 200, 0.9919], [427, 189, 505, 281, 0.9811]]","[[464, 108, 520, 198, 11], [407, 175, 523, 295, 8]]","[11, 8]"
592,592,2,"[[459, 97, 512, 203, 0.9981], [427, 164, 508, 290, 0.951]]","[[465, 110, 518, 199, 11], [417, 172, 523, 294, 8]]","[11, 8]"
593,593,2,"[[446, 178, 510, 262, 0.8309], [467, 92, 509, 207, 0.0552]]","[[469, 109, 516, 199, 11], [431, 170, 526, 284, 8]]","[11, 8]"
594,594,2,"[[443, 203, 507, 282, 0.9535], [469, 107, 511, 223, 0.9191]]","[[472, 119, 516, 209, 11], [436, 187, 523, 292, 8]]","[11, 8]"
595,595,2,"[[437, 195, 504, 283, 0.9532], [469, 110, 510, 216, 0.676]]","[[473, 122, 514, 210, 11], [436, 191, 518, 292, 8]]","[11, 8]"
596,596,2,"[[437, 191, 504, 284, 0.937], [468, 109, 511, 212, 0.6045]]","[[474, 121, 513, 209, 11], [436, 192, 514, 290, 8]]","[11, 8]"
597,597,2,"[[442, 218, 512, 284, 0.8817], [463, 110, 511, 213, 0.1583]]","[[471, 121, 511, 209, 11], [440, 205, 517, 294, 8]]","[11, 8]"
598,598,2,"[[466, 116, 510, 239, 0.9828], [440, 213, 502, 288, 0.5787]]","[[471, 128, 511, 222, 11], [439, 209, 512, 295, 8]]","[11, 8]"
599,599,1,"[[464, 116, 510, 246, 0.9919]]","[[469, 131, 510, 231, 11], [446, 216, 518, 301, 8]]","[11, 8]"
600,600,1,"[[424, 180, 507, 294, 0.4755]]","[[475, 141, 514, 235, 11], [432, 196, 509, 290, 8]]","[11, 8]"
601,601,3,"[[456, 141, 506, 247, 0.3002], [348, 152, 485, 292, 0.1338], [450, 226, 511, 280, 0.1282]]","[[464, 146, 505, 242, 11], [441, 210, 515, 292, 8]]","[11, 8]"
602,602,1,"[[419, 178, 511, 293, 0.5713]]","[[469, 155, 507, 246, 11], [431, 196, 511, 288, 8]]","[11, 8]"
603,603,1,"[[358, 203, 486, 309, 0.6953]]","[[360, 200, 483, 311, 12], [435, 200, 515, 291, 8]]","[12, 8]"
604,604,1,"[[333, 211, 493, 312, 0.9974]]","[[345, 209, 483, 316, 12]]",[12]
605,605,2,"[[317, 211, 488, 322, 0.8029], [456, 223, 512, 282, 0.1038]]","[[328, 212, 480, 323, 12], [447, 212, 519, 292, 8]]","[12, 8]"
606,606,2,"[[309, 230, 450, 330, 0.9904], [451, 229, 511, 285, 0.6115]]","[[311, 226, 456, 331, 12], [448, 220, 517, 292, 8]]","[12, 8]"
607,607,2,"[[317, 231, 451, 333, 0.9894], [447, 227, 512, 284, 0.1422]]","[[311, 232, 450, 334, 12], [448, 223, 515, 290, 8]]","[12, 8]"
608,608,2,"[[304, 236, 454, 346, 0.9856], [470, 221, 507, 285, 0.1013]]","[[305, 238, 448, 343, 12], [457, 222, 516, 288, 8]]","[12, 8]"
609,609,2,"[[290, 242, 456, 351, 0.9938], [446, 214, 507, 287, 0.4005]]","[[296, 243, 447, 350, 12], [451, 219, 510, 287, 8]]","[12, 8]"
610,610,2,"[[285, 240, 447, 363, 0.9894], [446, 225, 512, 285, 0.6523]]","[[287, 246, 443, 359, 12], [450, 222, 511, 287, 8]]","[12, 8]"
611,611,2,"[[275, 245, 449, 351, 0.9761], [448, 219, 512, 286, 0.7557]]","[[279, 246, 441, 357, 12], [450, 221, 511, 286, 8]]","[12, 8]"
612,612,2,"[[262, 250, 425, 368, 0.963], [452, 215, 512, 289, 0.916]]","[[265, 251, 428, 365, 12], [451, 219, 512, 287, 8]]","[12, 8]"
613,613,2,"[[253, 252, 425, 372, 0.9989], [450, 217, 512, 287, 0.773]]","[[255, 254, 422, 371, 12], [451, 219, 512, 287, 8]]","[12, 8]"
