,Frame,Num_detections,Yolo_det,sort_tracks,sort_track_nums,iou_RFID,read_outs
1,1,2,"[[23, 117, 100, 239, 0.9882], [166, 20, 248, 118, 0.346]]","[[166, 20, 248, 118, 2], [23, 117, 100, 239, 1]]","[2, 1]",{},{}
2,2,2,"[[17, 119, 105, 241, 0.9613], [157, 12, 248, 127, 0.9561]]","[[156, 12, 248, 126, 2], [18, 117, 103, 242, 1]]","[2, 1]",{},{}
3,3,2,"[[22, 123, 108, 255, 0.9995], [154, 8, 303, 127, 0.9434]]","[[162, 1, 291, 133, 2], [20, 123, 108, 254, 1]]","[2, 1]",{},{}
4,4,2,"[[21, 117, 105, 245, 0.9999], [153, 14, 312, 130, 0.9917]]","[[161, 4, 307, 137, 2], [20, 118, 106, 248, 1]]","[2, 1]",{},{}
5,5,2,"[[19, 122, 105, 236, 0.9994], [156, 9, 340, 126, 0.9944]]","[[164, 1, 331, 135, 2], [19, 118, 105, 241, 1]]","[2, 1]",{},{}
6,6,2,"[[168, 30, 352, 124, 0.9999], [20, 118, 105, 243, 0.9951]]","[[173, 14, 347, 134, 2], [19, 118, 105, 242, 1]]","[2, 1]",{},{}
7,7,2,"[[196, 35, 366, 128, 0.9997], [18, 116, 105, 244, 0.9987]]","[[191, 24, 365, 135, 2], [18, 116, 105, 243, 1]]","[2, 1]",{},{}
8,8,2,"[[204, 31, 382, 132, 0.9999], [18, 119, 106, 242, 0.9991]]","[[204, 26, 381, 136, 2], [18, 117, 105, 243, 1]]","[2, 1]",{},{}
9,9,2,"[[214, 31, 401, 132, 1.0], [17, 127, 106, 231, 0.9979]]","[[216, 27, 398, 136, 2], [18, 120, 105, 238, 1]]","[2, 1]",{},{}
10,10,2,"[[239, 21, 404, 131, 0.9995], [19, 114, 105, 246, 0.9981]]","[[231, 23, 411, 133, 2], [18, 118, 105, 240, 1]]","[2, 1]",{},{}
11,11,2,"[[251, 29, 417, 130, 1.0], [23, 112, 103, 245, 0.9996]]","[[246, 25, 422, 133, 2], [19, 116, 105, 241, 1]]","[2, 1]",{},{}
12,12,2,"[[22, 115, 102, 241, 0.9994], [263, 23, 432, 127, 0.9992]]","[[259, 22, 435, 130, 2], [20, 115, 104, 240, 1]]","[2, 1]",{},{}
13,13,2,"[[21, 117, 101, 238, 0.9969], [285, 19, 440, 125, 0.9596]]","[[276, 19, 447, 127, 2], [20, 115, 102, 239, 1]]","[2, 1]",{},{}
14,14,2,"[[282, 30, 448, 132, 0.9987], [20, 117, 102, 240, 0.9981]]","[[283, 25, 454, 132, 2], [19, 116, 102, 239, 1]]","[2, 1]",{},{}
15,15,2,"[[293, 32, 445, 129, 0.9992], [20, 122, 102, 234, 0.9954]]","[[290, 28, 456, 132, 2], [20, 118, 101, 237, 1]]","[2, 1]",{},{}
16,16,2,"[[18, 117, 104, 239, 0.9995], [305, 34, 447, 132, 0.9989]]","[[299, 31, 458, 133, 2], [19, 117, 102, 238, 1]]","[2, 1]",{},{}
17,17,2,"[[303, 32, 446, 126, 0.9998], [19, 111, 105, 245, 0.999]]","[[302, 30, 457, 130, 2], [19, 115, 103, 240, 1]]","[2, 1]",{},{}
18,18,2,"[[315, 25, 450, 119, 0.9983], [18, 117, 103, 237, 0.9979]]","[[310, 26, 459, 124, 2], [18, 115, 103, 238, 1]]","[2, 1]",{},{}
19,19,2,"[[336, 21, 467, 116, 0.9987], [18, 115, 103, 238, 0.9973]]","[[327, 22, 471, 119, 2], [18, 115, 102, 238, 1]]","[2, 1]",{},{}
20,20,2,"[[18, 122, 103, 239, 0.996], [345, 10, 471, 123, 0.9466]]","[[339, 17, 478, 118, 2], [18, 118, 102, 239, 1]]","[2, 1]",{},{}
21,21,2,"[[353, 24, 478, 124, 0.9991], [18, 123, 104, 238, 0.999]]","[[349, 21, 484, 121, 2], [18, 120, 103, 239, 1]]","[2, 1]",{},{}
22,22,2,"[[357, 35, 481, 134, 0.9998], [18, 127, 107, 237, 0.9995]]","[[355, 30, 487, 129, 2], [18, 123, 104, 239, 1]]","[2, 1]",{},{}
23,23,2,"[[362, 41, 488, 137, 0.9993], [20, 124, 108, 237, 0.9985]]","[[362, 36, 492, 135, 2], [20, 123, 106, 238, 1]]","[2, 1]",{},{}
24,24,2,"[[16, 130, 116, 245, 0.9987], [367, 36, 490, 142, 0.9961]]","[[367, 38, 495, 138, 2], [19, 127, 110, 243, 1]]","[2, 1]",{},{}
25,25,2,"[[17, 117, 109, 239, 0.9996], [364, 39, 491, 140, 0.9994]]","[[368, 39, 495, 139, 2], [18, 121, 109, 239, 1]]","[2, 1]",{},{}
26,26,2,"[[356, 36, 494, 141, 0.9995], [17, 121, 109, 236, 0.9994]]","[[364, 38, 495, 140, 2], [17, 120, 108, 237, 1]]","[2, 1]",{},{}
27,27,2,"[[349, 40, 495, 139, 0.9999], [16, 123, 109, 235, 0.9995]]","[[359, 39, 494, 140, 2], [16, 121, 108, 236, 1]]","[2, 1]",{},{}
28,28,2,"[[351, 37, 497, 138, 0.9999], [18, 124, 108, 240, 0.9996]]","[[358, 38, 496, 139, 2], [17, 123, 108, 238, 1]]","[2, 1]",{},{}
29,29,2,"[[352, 35, 496, 138, 0.9999], [17, 124, 108, 237, 0.9991]]","[[357, 36, 496, 138, 2], [17, 123, 108, 238, 1]]","[2, 1]",{},{}
30,30,2,"[[18, 120, 109, 241, 0.9998], [352, 35, 493, 141, 0.9997]]","[[355, 36, 495, 139, 2], [17, 122, 108, 238, 1]]","[2, 1]",{},{}
31,31,2,"[[354, 35, 493, 143, 0.9996], [17, 115, 108, 239, 0.9994]]","[[355, 36, 495, 141, 2], [17, 118, 108, 237, 1]]","[2, 1]",{},{}
32,32,2,"[[354, 32, 486, 143, 0.9991], [16, 117, 111, 239, 0.997]]","[[354, 35, 492, 141, 2], [17, 118, 109, 237, 1]]","[2, 1]",{},{}
33,33,2,"[[355, 34, 483, 141, 0.9997], [19, 119, 110, 237, 0.9907]]","[[354, 34, 489, 141, 2], [18, 118, 110, 237, 1]]","[2, 1]",{},{}
34,34,2,"[[355, 29, 476, 140, 0.9978], [20, 114, 113, 241, 0.9961]]","[[353, 32, 484, 139, 2], [19, 116, 111, 238, 1]]","[2, 1]",{},{}
35,35,2,"[[22, 112, 111, 241, 0.9963], [357, 22, 479, 132, 0.9737]]","[[354, 26, 483, 134, 2], [20, 114, 112, 238, 1]]","[2, 1]",{},{}
36,36,2,"[[22, 114, 110, 242, 0.9995], [362, 16, 484, 129, 0.8419]]","[[358, 20, 485, 129, 2], [20, 115, 111, 239, 1]]","[2, 1]",{},{}
37,37,2,"[[20, 117, 104, 243, 0.9999], [366, 21, 486, 124, 0.9973]]","[[363, 19, 488, 126, 2], [19, 116, 108, 241, 1]]","[2, 1]",{},{}
38,38,2,"[[18, 119, 105, 238, 0.9998], [359, 17, 487, 115, 0.9943]]","[[361, 15, 487, 120, 2], [17, 116, 106, 240, 1]]","[2, 1]",{},{}
39,39,2,"[[19, 117, 107, 241, 0.9998], [358, 11, 493, 117, 0.9867]]","[[361, 12, 490, 117, 2], [18, 117, 106, 240, 1]]","[2, 1]",{},{}
40,40,2,"[[17, 109, 110, 247, 0.9978], [367, 7, 487, 120, 0.5715]]","[[364, 10, 490, 117, 2], [18, 114, 108, 242, 1]]","[2, 1]",{},{}
41,41,2,"[[16, 116, 112, 238, 0.997], [371, 8, 488, 120, 0.857]]","[[367, 9, 491, 117, 2], [17, 114, 109, 240, 1]]","[2, 1]",{},{}
42,42,2,"[[17, 115, 114, 240, 0.992], [373, 8, 486, 123, 0.8485]]","[[369, 9, 490, 119, 2], [18, 114, 111, 240, 1]]","[2, 1]",{},{}
43,43,2,"[[17, 113, 113, 241, 0.9969], [370, 11, 485, 121, 0.8844]]","[[369, 10, 488, 119, 2], [17, 113, 112, 240, 1]]","[2, 1]",{},{}
44,44,2,"[[19, 107, 106, 241, 0.9986], [371, 13, 488, 118, 0.9293]]","[[370, 10, 489, 119, 2], [17, 110, 109, 239, 1]]","[2, 1]",{},{}
45,45,2,"[[23, 107, 101, 247, 0.9998], [377, 15, 497, 121, 0.9452]]","[[375, 12, 494, 120, 2], [18, 110, 106, 241, 1]]","[2, 1]",{},{}
46,46,2,"[[25, 126, 106, 253, 0.9993], [368, 20, 492, 116, 0.9879]]","[[372, 15, 492, 119, 2], [21, 119, 107, 249, 1]]","[2, 1]",{},{}
47,47,2,"[[26, 132, 106, 249, 0.994], [368, 20, 490, 116, 0.9927]]","[[370, 16, 490, 118, 2], [23, 125, 107, 252, 1]]","[2, 1]",{},{}
48,48,2,"[[17, 141, 108, 238, 0.9915], [368, 18, 488, 118, 0.9641]]","[[369, 17, 489, 118, 2], [20, 130, 107, 248, 1]]","[2, 1]",{},{}
49,49,2,"[[15, 115, 94, 250, 0.9926], [368, 21, 493, 112, 0.9828]]","[[369, 17, 491, 115, 2], [15, 124, 100, 245, 1]]","[2, 1]",{},{}
50,50,2,"[[13, 111, 97, 253, 0.9774], [371, 17, 486, 115, 0.9318]]","[[369, 17, 489, 115, 2], [13, 119, 98, 246, 1]]","[2, 1]",{},{}
51,51,2,"[[371, 20, 489, 112, 0.9448], [11, 111, 100, 252, 0.9266]]","[[370, 17, 489, 113, 2], [12, 116, 98, 247, 1]]","[2, 1]",{},{}
52,52,2,"[[18, 137, 113, 243, 0.9423], [371, 18, 488, 116, 0.7421]]","[[370, 18, 489, 114, 2], [17, 125, 106, 248, 1]]","[2, 1]",{},{}
53,53,2,"[[367, 23, 491, 116, 0.9789], [19, 138, 114, 241, 0.9031]]","[[369, 20, 489, 115, 2], [19, 130, 110, 247, 1]]","[2, 1]",{},{}
54,54,2,"[[371, 22, 490, 121, 0.9407], [10, 115, 101, 248, 0.9163]]","[[370, 22, 490, 118, 2], [13, 123, 104, 244, 1]]","[2, 1]",{},{}
55,55,2,"[[10, 114, 100, 247, 0.8923], [371, 18, 486, 133, 0.5084]]","[[370, 23, 488, 124, 2], [10, 119, 101, 244, 1]]","[2, 1]",{},{}
56,56,2,"[[365, 17, 492, 131, 0.8605], [23, 114, 103, 247, 0.8397]]","[[368, 21, 489, 126, 2], [16, 117, 104, 244, 1]]","[2, 1]",{},{}
57,57,2,"[[10, 115, 100, 246, 0.9668], [361, 17, 497, 136, 0.8208]]","[[366, 21, 491, 130, 2], [12, 116, 101, 244, 1]]","[2, 1]",{},{}
58,58,2,"[[11, 115, 99, 246, 0.934], [362, 19, 495, 141, 0.9085]]","[[364, 22, 492, 134, 2], [11, 116, 99, 244, 1]]","[2, 1]",{},{}
59,59,2,"[[20, 115, 107, 249, 0.9838], [364, 18, 489, 151, 0.8305]]","[[363, 23, 491, 141, 2], [16, 116, 104, 246, 1]]","[2, 1]",{},{}
60,60,2,"[[18, 119, 107, 244, 0.993], [349, 33, 494, 154, 0.8439]]","[[357, 30, 489, 149, 2], [17, 117, 106, 245, 1]]","[2, 1]",{},{}
61,61,2,"[[356, 45, 486, 148, 0.9986], [12, 112, 98, 249, 0.8933]]","[[355, 37, 487, 152, 2], [13, 115, 101, 246, 1]]","[2, 1]",{},{}
62,62,2,"[[352, 43, 495, 145, 0.9966], [9, 110, 102, 252, 0.9721]]","[[355, 39, 490, 150, 2], [11, 113, 100, 248, 1]]","[2, 1]",{},{}
63,63,2,"[[357, 44, 512, 158, 0.9942], [20, 116, 105, 246, 0.9871]]","[[359, 43, 500, 155, 2], [15, 114, 104, 247, 1]]","[2, 1]",{},{}
64,64,2,"[[18, 117, 107, 244, 0.9895], [371, 45, 512, 160, 0.9478]]","[[367, 45, 508, 158, 2], [17, 114, 105, 246, 1]]","[2, 1]",{},{}
65,65,2,"[[16, 123, 110, 238, 0.9962], [384, 44, 512, 166, 0.3203]]","[[375, 47, 513, 162, 2], [17, 117, 107, 243, 1]]","[2, 1]",{},{}
66,66,2,"[[18, 119, 109, 243, 0.9983], [407, 63, 512, 200, 0.8171]]","[[390, 63, 519, 182, 2], [18, 117, 108, 243, 1]]","[2, 1]",{},{}
67,67,2,"[[19, 119, 108, 240, 0.9921], [411, 64, 512, 202, 0.446]]","[[399, 68, 520, 192, 2], [18, 117, 108, 242, 1]]","[2, 1]",{},{}
68,68,2,"[[18, 120, 106, 241, 0.994], [426, 56, 512, 211, 0.9638]]","[[410, 69, 523, 198, 2], [17, 118, 107, 242, 1]]","[2, 1]",{},{}
69,69,2,"[[442, 66, 509, 206, 0.9992], [17, 117, 106, 244, 0.9981]]","[[423, 71, 523, 202, 2], [17, 118, 106, 242, 1]]","[2, 1]",{},{}
70,70,2,"[[425, 72, 512, 214, 0.9988], [18, 119, 104, 242, 0.9984]]","[[423, 75, 519, 208, 2], [17, 118, 105, 242, 1]]","[2, 1]",{},{}
71,71,2,"[[15, 113, 97, 245, 0.9989], [428, 71, 511, 226, 0.9983]]","[[424, 78, 517, 216, 2], [14, 116, 101, 242, 1]]","[2, 1]",{},{}
72,72,2,"[[428, 72, 510, 229, 0.9998], [14, 111, 98, 247, 0.9988]]","[[425, 79, 515, 222, 2], [13, 114, 99, 243, 1]]","[2, 1]",{},{}
73,73,2,"[[422, 78, 512, 220, 0.9995], [12, 115, 101, 243, 0.9986]]","[[424, 79, 514, 222, 2], [12, 114, 99, 243, 1]]","[2, 1]",{},{}
74,74,2,"[[13, 115, 100, 243, 0.9989], [418, 73, 512, 226, 0.998]]","[[421, 78, 512, 223, 2], [12, 114, 99, 243, 1]]","[2, 1]",{},{}
75,75,2,"[[18, 121, 104, 239, 0.9991], [420, 73, 512, 224, 0.9957]]","[[421, 77, 512, 224, 2], [15, 116, 102, 242, 1]]","[2, 1]",{},{}
76,76,2,"[[18, 123, 104, 238, 0.9991], [417, 73, 512, 227, 0.8651]]","[[419, 76, 512, 225, 2], [17, 118, 103, 241, 1]]","[2, 1]",{},{}
77,77,2,"[[17, 122, 105, 239, 0.9991], [422, 74, 512, 228, 0.7653]]","[[421, 76, 512, 227, 2], [17, 119, 104, 240, 1]]","[2, 1]",{},{}
78,78,2,"[[17, 123, 104, 240, 0.9961], [419, 103, 512, 231, 0.2884]]","[[420, 90, 512, 234, 2], [17, 121, 104, 241, 1]]","[2, 1]",{},{}
79,79,2,"[[435, 110, 506, 222, 0.9985], [14, 117, 98, 246, 0.9981]]","[[426, 98, 512, 233, 2], [14, 120, 100, 242, 1]]","[2, 1]",{},{}
80,80,2,"[[13, 118, 97, 246, 0.9986], [435, 106, 506, 243, 0.9812]]","[[429, 104, 511, 240, 2], [13, 119, 98, 243, 1]]","[2, 1]",{},{}
81,81,2,"[[12, 119, 98, 242, 0.9843], [438, 117, 503, 240, 0.9799]]","[[432, 111, 509, 243, 2], [12, 119, 98, 242, 1]]","[2, 1]",{},{}
82,82,2,"[[13, 116, 98, 248, 0.9837], [437, 127, 505, 264, 0.9475]]","[[434, 124, 508, 257, 2], [12, 118, 98, 244, 1]]","[2, 1]",{},{}
83,83,2,"[[13, 118, 97, 245, 0.996], [440, 141, 507, 283, 0.9326]]","[[436, 138, 509, 273, 2], [12, 118, 97, 244, 1]]","[2, 1]",{},{}
84,84,2,"[[440, 146, 508, 298, 0.9988], [12, 117, 98, 245, 0.9955]]","[[438, 149, 509, 287, 2], [12, 117, 97, 244, 1]]","[2, 1]",{},{}
85,85,2,"[[448, 149, 506, 307, 0.9993], [15, 118, 96, 244, 0.9973]]","[[442, 155, 510, 298, 2], [13, 117, 97, 244, 1]]","[2, 1]",{},{}
86,86,2,"[[448, 158, 504, 299, 0.9998], [17, 117, 95, 247, 0.9972]]","[[444, 159, 508, 301, 2], [14, 118, 96, 245, 1]]","[2, 1]",{},{}
87,87,2,"[[436, 172, 512, 300, 0.9996], [18, 119, 93, 245, 0.999]]","[[441, 167, 508, 304, 2], [15, 118, 95, 245, 1]]","[2, 1]",{},{}
88,88,2,"[[445, 159, 505, 298, 0.9999], [15, 119, 97, 243, 0.9993]]","[[442, 164, 507, 301, 2], [15, 118, 96, 244, 1]]","[2, 1]",{},{}
89,89,2,"[[448, 162, 505, 296, 0.9995], [15, 119, 96, 242, 0.9994]]","[[445, 164, 507, 300, 2], [15, 118, 95, 243, 1]]","[2, 1]",{},{}
90,90,2,"[[448, 162, 504, 297, 0.9998], [14, 117, 96, 243, 0.9879]]","[[446, 164, 506, 299, 2], [14, 117, 95, 242, 1]]","[2, 1]",{},{}
91,91,2,"[[450, 159, 503, 298, 0.9994], [13, 119, 97, 242, 0.9844]]","[[447, 163, 505, 299, 2], [14, 118, 95, 242, 1]]","[2, 1]",{},{}
92,92,2,"[[429, 170, 512, 304, 0.9978], [13, 117, 98, 247, 0.9964]]","[[440, 168, 505, 303, 2], [13, 118, 96, 244, 1]]","[2, 1]",{},{}
93,93,2,"[[13, 118, 98, 243, 0.9984], [447, 157, 502, 300, 0.9952]]","[[443, 164, 505, 300, 2], [13, 117, 97, 243, 1]]","[2, 1]",{},{}
94,94,2,"[[446, 158, 503, 299, 0.9986], [14, 117, 96, 245, 0.9975]]","[[444, 162, 504, 299, 2], [13, 117, 96, 244, 1]]","[2, 1]",{},{}
95,95,2,"[[446, 157, 503, 300, 0.9987], [15, 117, 96, 247, 0.9985]]","[[444, 161, 504, 299, 2], [14, 117, 96, 245, 1]]","[2, 1]",{},{}
96,96,2,"[[15, 117, 96, 245, 0.9994], [447, 160, 503, 296, 0.9977]]","[[445, 161, 504, 298, 2], [14, 117, 96, 245, 1]]","[2, 1]",{},{}
97,97,2,"[[18, 117, 94, 247, 0.9997], [446, 160, 504, 298, 0.9982]]","[[446, 161, 504, 298, 2], [15, 117, 95, 245, 1]]","[2, 1]",{},{}
98,98,2,"[[15, 119, 96, 245, 0.9979], [446, 159, 504, 298, 0.9962]]","[[446, 161, 504, 298, 2], [15, 118, 95, 245, 1]]","[2, 1]",{},{}
99,99,2,"[[446, 157, 504, 301, 0.9961], [14, 115, 97, 250, 0.9831]]","[[446, 160, 504, 299, 2], [14, 117, 96, 247, 1]]","[2, 1]",{},{}
100,100,2,"[[14, 118, 96, 245, 0.995], [446, 154, 503, 302, 0.9947]]","[[446, 158, 503, 299, 2], [14, 117, 95, 246, 1]]","[2, 1]",{},{}
101,101,2,"[[15, 117, 95, 245, 0.9989], [448, 155, 502, 301, 0.9952]]","[[446, 158, 503, 299, 2], [14, 116, 95, 245, 1]]","[2, 1]",{},{}
102,102,2,"[[447, 156, 503, 302, 0.9976], [14, 116, 97, 246, 0.9952]]","[[447, 158, 503, 300, 2], [14, 116, 96, 245, 1]]","[2, 1]",{},{}
103,103,2,"[[447, 157, 504, 297, 0.9988], [13, 122, 94, 239, 0.9982]]","[[447, 157, 503, 298, 2], [13, 117, 94, 243, 1]]","[2, 1]",{},{}
104,104,2,"[[15, 118, 96, 245, 0.9982], [445, 153, 504, 301, 0.9977]]","[[446, 156, 503, 299, 2], [14, 118, 95, 244, 1]]","[2, 1]",{},{}
105,105,2,"[[17, 118, 94, 245, 0.9993], [446, 151, 503, 305, 0.9969]]","[[446, 155, 503, 300, 2], [15, 118, 95, 244, 1]]","[2, 1]",{},{}
106,106,2,"[[445, 149, 503, 304, 0.9972], [14, 115, 97, 247, 0.9968]]","[[445, 153, 502, 301, 2], [14, 117, 95, 245, 1]]","[2, 1]",{},{}
107,107,2,"[[446, 157, 503, 298, 0.9991], [15, 115, 98, 247, 0.9965]]","[[446, 155, 502, 300, 2], [15, 116, 96, 245, 1]]","[2, 1]",{},{}
108,108,2,"[[446, 153, 502, 301, 0.9984], [21, 116, 102, 245, 0.9946]]","[[445, 154, 502, 300, 2], [18, 116, 100, 245, 1]]","[2, 1]",{},{}
109,109,2,"[[443, 152, 505, 299, 0.9997], [15, 109, 96, 251, 0.9351]]","[[445, 153, 503, 299, 2], [16, 114, 97, 246, 1]]","[2, 1]",{},{}
110,110,2,"[[442, 154, 505, 299, 0.9995], [17, 110, 92, 251, 0.9741]]","[[444, 153, 503, 299, 2], [15, 113, 95, 247, 1]]","[2, 1]",{},{}
111,111,2,"[[444, 154, 504, 300, 0.9998], [16, 102, 90, 261, 0.5613]]","[[444, 154, 503, 299, 2], [14, 110, 93, 251, 1]]","[2, 1]",{},{}
112,112,2,"[[443, 155, 505, 300, 0.9998], [16, 129, 104, 262, 0.9982]]","[[444, 155, 503, 299, 2], [17, 121, 98, 259, 1]]","[2, 1]",{},{}
113,113,2,"[[443, 151, 504, 301, 0.9996], [16, 123, 105, 262, 0.9988]]","[[443, 153, 503, 299, 2], [17, 122, 101, 261, 1]]","[2, 1]",{},{}
114,114,2,"[[443, 148, 505, 304, 0.9996], [18, 125, 105, 259, 0.9961]]","[[443, 152, 504, 300, 2], [18, 123, 103, 261, 1]]","[2, 1]",{},{}
115,115,2,"[[443, 148, 505, 306, 0.9997], [18, 120, 104, 266, 0.9982]]","[[443, 151, 504, 302, 2], [18, 123, 103, 262, 1]]","[2, 1]",{},{}
116,116,2,"[[444, 149, 505, 303, 0.9998], [17, 122, 108, 264, 0.9998]]","[[443, 150, 504, 302, 2], [18, 123, 105, 263, 1]]","[2, 1]",{},{}
117,117,2,"[[446, 151, 504, 302, 0.9999], [19, 130, 106, 263, 0.9989]]","[[444, 151, 504, 302, 2], [19, 126, 105, 264, 1]]","[2, 1]",{},{}
118,118,2,"[[445, 149, 505, 303, 0.9999], [20, 128, 104, 263, 0.999]]","[[445, 150, 504, 302, 2], [19, 127, 105, 264, 1]]","[2, 1]",{},{}
119,119,2,"[[444, 154, 505, 299, 0.9999], [21, 132, 104, 258, 0.9998]]","[[444, 151, 504, 301, 2], [19, 128, 105, 262, 1]]","[2, 1]",{},{}
120,120,2,"[[442, 151, 506, 299, 0.9997], [20, 128, 103, 263, 0.9996]]","[[443, 151, 504, 299, 2], [19, 128, 104, 263, 1]]","[2, 1]",{},{}
121,121,2,"[[22, 129, 104, 258, 0.9999], [443, 145, 505, 304, 0.9996]]","[[443, 149, 504, 300, 2], [20, 127, 104, 261, 1]]","[2, 1]",{},{}
122,122,2,"[[20, 129, 104, 259, 0.9998], [444, 142, 504, 310, 0.9997]]","[[443, 147, 504, 303, 2], [20, 128, 104, 260, 1]]","[2, 1]",{},{}
123,123,2,"[[17, 121, 106, 263, 0.9996], [445, 141, 503, 312, 0.9992]]","[[443, 146, 504, 305, 2], [19, 125, 104, 260, 1]]","[2, 1]",{},{}
124,124,2,"[[18, 128, 107, 257, 0.9994], [443, 146, 504, 309, 0.9992]]","[[443, 147, 503, 307, 2], [19, 126, 105, 259, 1]]","[2, 1]",{},{}
125,125,2,"[[19, 128, 108, 258, 0.9998], [443, 144, 504, 311, 0.9994]]","[[443, 146, 503, 308, 2], [19, 126, 106, 259, 1]]","[2, 1]",{},{}
126,126,2,"[[21, 129, 105, 262, 1.0], [443, 147, 505, 308, 0.9996]]","[[443, 146, 504, 308, 2], [19, 128, 106, 261, 1]]","[2, 1]",{},{}
127,127,2,"[[443, 149, 504, 307, 0.9997], [20, 126, 103, 258, 0.9996]]","[[443, 147, 503, 308, 2], [19, 126, 104, 259, 1]]","[2, 1]",{},{}
128,128,2,"[[19, 127, 105, 258, 0.9999], [443, 154, 504, 304, 0.9997]]","[[443, 150, 503, 307, 2], [19, 126, 104, 258, 1]]","[2, 1]",{},{}
129,129,2,"[[19, 129, 105, 257, 0.9999], [431, 168, 510, 298, 0.9996]]","[[438, 157, 504, 305, 2], [19, 127, 104, 258, 1]]","[2, 1]",{},{}
130,130,2,"[[21, 129, 105, 259, 0.9999], [442, 153, 506, 303, 0.9997]]","[[440, 155, 505, 303, 2], [20, 128, 105, 259, 1]]","[2, 1]",{},{}
131,131,2,"[[442, 164, 507, 290, 0.9997], [18, 124, 109, 260, 0.9992]]","[[441, 157, 506, 298, 2], [19, 126, 106, 258, 1]]","[2, 1]",{},{}
132,132,2,"[[443, 162, 507, 291, 0.9999], [20, 131, 114, 254, 0.9998]]","[[442, 158, 507, 295, 2], [21, 127, 110, 257, 1]]","[2, 1]",{},{}
133,133,2,"[[445, 163, 507, 292, 0.9999], [21, 130, 109, 255, 0.9993]]","[[443, 159, 507, 294, 2], [21, 128, 109, 256, 1]]","[2, 1]",{},{}
134,134,2,"[[447, 167, 504, 289, 0.9998], [21, 133, 111, 255, 0.9995]]","[[444, 162, 506, 293, 2], [21, 130, 110, 256, 1]]","[2, 1]",{},{}
135,135,2,"[[19, 133, 109, 256, 0.9992], [445, 170, 507, 315, 0.9985]]","[[444, 170, 506, 304, 2], [20, 131, 109, 257, 1]]","[2, 1]",{},{}
136,136,2,"[[431, 211, 505, 320, 0.998], [20, 129, 107, 260, 0.9976]]","[[438, 193, 503, 319, 2], [19, 130, 108, 258, 1]]","[2, 1]",{},{}
137,137,2,"[[431, 205, 503, 330, 0.9994], [23, 134, 105, 257, 0.9975]]","[[434, 201, 501, 327, 2], [20, 132, 107, 258, 1]]","[2, 1]",{},{}
138,138,2,"[[437, 206, 500, 335, 0.9994], [23, 135, 104, 256, 0.9991]]","[[435, 206, 501, 332, 2], [21, 133, 106, 257, 1]]","[2, 1]",{},{}
139,139,2,"[[435, 204, 502, 338, 0.9999], [22, 132, 108, 256, 0.9983]]","[[435, 207, 501, 335, 2], [21, 132, 107, 256, 1]]","[2, 1]","{2: [0.23468729851708575, 0.0]}",{2: '2018121255'}
140,140,2,"[[431, 208, 500, 337, 0.9999], [23, 133, 111, 255, 0.999]]","[[432, 209, 499, 337, 2], [23, 132, 109, 256, 1]]","[2, 1]","{2: [0.21147028154327424, 0.0]}",{2: '2018121255'}
141,141,2,"[[430, 210, 500, 333, 0.9999], [22, 133, 110, 255, 0.9992]]","[[431, 209, 499, 336, 2], [22, 132, 109, 255, 1]]","[2, 1]",{},{}
142,142,2,"[[436, 208, 499, 336, 0.9998], [22, 133, 108, 253, 0.9991]]","[[433, 210, 499, 336, 2], [22, 132, 108, 254, 1]]","[2, 1]",{},{}
143,143,2,"[[433, 211, 497, 334, 0.9999], [22, 134, 109, 252, 0.9992]]","[[432, 210, 498, 336, 2], [22, 132, 108, 253, 1]]","[2, 1]",{},{}
144,144,2,"[[433, 212, 498, 333, 0.9998], [20, 135, 108, 252, 0.9992]]","[[432, 211, 497, 335, 2], [21, 133, 108, 253, 1]]","[2, 1]",{},{}
145,145,2,"[[433, 209, 498, 339, 0.9997], [18, 130, 109, 255, 0.9971]]","[[432, 211, 497, 337, 2], [19, 132, 107, 253, 1]]","[2, 1]",{},{}
146,146,2,"[[432, 210, 498, 337, 0.9996], [9, 132, 103, 257, 0.9406]]","[[432, 211, 497, 337, 2], [13, 132, 103, 255, 1]]","[2, 1]",{},{}
147,147,2,"[[431, 209, 498, 338, 0.9997], [16, 136, 108, 248, 0.955]]","[[431, 211, 497, 337, 2], [15, 132, 105, 252, 1]]","[2, 1]",{},{}
148,148,2,"[[431, 210, 498, 338, 0.9997], [17, 135, 110, 247, 0.9646]]","[[431, 211, 497, 338, 2], [16, 132, 108, 250, 1]]","[2, 1]",{},{}
149,149,2,"[[432, 208, 499, 338, 0.9997], [16, 133, 110, 249, 0.9826]]","[[431, 210, 498, 337, 2], [16, 132, 108, 249, 1]]","[2, 1]",{},{}
150,150,2,"[[433, 208, 500, 338, 0.9997], [18, 133, 107, 247, 0.9912]]","[[432, 209, 498, 337, 2], [17, 132, 108, 248, 1]]","[2, 1]",{},{}
151,151,2,"[[434, 208, 499, 338, 0.9996], [17, 131, 108, 252, 0.996]]","[[433, 209, 499, 337, 2], [16, 132, 108, 249, 1]]","[2, 1]",{},{}
152,152,2,"[[434, 208, 499, 339, 0.9996], [17, 130, 106, 253, 0.9964]]","[[433, 209, 499, 338, 2], [16, 131, 107, 250, 1]]","[2, 1]",{},{}
153,153,2,"[[433, 208, 499, 338, 0.9995], [17, 131, 108, 252, 0.9971]]","[[433, 209, 498, 338, 2], [16, 131, 107, 251, 1]]","[2, 1]",{},{}
154,154,2,"[[433, 210, 498, 336, 0.9994], [20, 133, 105, 255, 0.9987]]","[[433, 209, 498, 337, 2], [17, 132, 106, 253, 1]]","[2, 1]",{},{}
155,155,2,"[[434, 209, 498, 337, 0.9996], [20, 134, 105, 254, 0.9993]]","[[433, 209, 498, 337, 2], [18, 133, 106, 253, 1]]","[2, 1]",{},{}
156,156,2,"[[434, 209, 498, 337, 0.9996], [20, 131, 107, 257, 0.9989]]","[[433, 209, 498, 337, 2], [19, 133, 107, 254, 1]]","[2, 1]",{},{}
157,157,2,"[[434, 205, 498, 340, 0.9998], [18, 132, 107, 250, 0.9997]]","[[433, 208, 498, 337, 2], [18, 131, 106, 252, 1]]","[2, 1]",{},{}
158,158,2,"[[436, 206, 498, 338, 0.9997], [17, 129, 109, 254, 0.9997]]","[[434, 207, 498, 337, 2], [18, 130, 107, 252, 1]]","[2, 1]",{},{}
159,159,2,"[[437, 205, 498, 339, 0.9998], [18, 135, 109, 251, 0.9998]]","[[435, 206, 498, 337, 2], [18, 132, 108, 252, 1]]","[2, 1]",{},{}
160,160,2,"[[17, 135, 108, 250, 0.9998], [436, 205, 498, 338, 0.9998]]","[[435, 206, 498, 337, 2], [17, 133, 107, 251, 1]]","[2, 1]",{},{}
161,161,2,"[[434, 208, 499, 336, 0.9995], [17, 131, 110, 249, 0.9986]]","[[435, 207, 498, 337, 2], [17, 131, 108, 250, 1]]","[2, 1]",{},{}
162,162,2,"[[434, 211, 500, 334, 0.9993], [16, 129, 108, 252, 0.9986]]","[[434, 208, 498, 336, 2], [16, 130, 108, 250, 1]]","[2, 1]",{},{}
163,163,2,"[[434, 207, 499, 335, 0.9997], [17, 130, 109, 253, 0.9997]]","[[434, 207, 498, 335, 2], [17, 130, 108, 251, 1]]","[2, 1]",{},{}
164,164,2,"[[17, 129, 108, 255, 0.9998], [433, 208, 501, 334, 0.9995]]","[[434, 207, 499, 334, 2], [16, 130, 108, 252, 1]]","[2, 1]",{},{}
165,165,2,"[[16, 130, 109, 252, 0.9998], [436, 209, 500, 338, 0.9986]]","[[435, 209, 499, 336, 2], [16, 130, 108, 252, 1]]","[2, 1]",{},{}
166,166,2,"[[16, 133, 111, 248, 0.9998], [433, 215, 499, 354, 0.9989]]","[[434, 215, 499, 345, 2], [16, 130, 109, 250, 1]]","[2, 1]",{},{}
167,167,2,"[[15, 133, 111, 249, 0.9998], [437, 211, 500, 336, 0.9979]]","[[435, 211, 500, 340, 2], [16, 131, 109, 250, 1]]","[2, 1]",{},{}
168,168,2,"[[15, 133, 112, 249, 0.9997], [439, 209, 499, 337, 0.9973]]","[[437, 210, 500, 338, 2], [16, 131, 110, 250, 1]]","[2, 1]",{},{}
169,169,2,"[[17, 130, 109, 253, 0.9995], [438, 205, 499, 336, 0.9923]]","[[437, 207, 499, 336, 2], [16, 131, 110, 250, 1]]","[2, 1]",{},{}
170,170,2,"[[19, 135, 109, 251, 0.9998], [435, 215, 505, 331, 0.9744]]","[[437, 210, 501, 334, 2], [17, 133, 110, 251, 1]]","[2, 1]",{},{}
171,171,2,"[[18, 134, 111, 252, 0.9993], [438, 210, 502, 330, 0.9552]]","[[437, 209, 502, 332, 2], [17, 133, 110, 252, 1]]","[2, 1]",{},{}
172,172,2,"[[18, 134, 111, 251, 0.9994], [432, 213, 503, 333, 0.975]]","[[435, 211, 501, 333, 2], [17, 133, 110, 251, 1]]","[2, 1]",{},{}
173,173,2,"[[17, 134, 113, 249, 0.9998], [427, 206, 501, 343, 0.9126]]","[[431, 210, 499, 336, 2], [17, 133, 111, 250, 1]]","[2, 1]",{},{}
174,174,2,"[[18, 135, 110, 251, 0.9999], [424, 209, 498, 340, 0.9769]]","[[427, 210, 497, 338, 2], [17, 134, 110, 251, 1]]","[2, 1]",{},{}
175,175,2,"[[16, 135, 111, 250, 0.9995], [405, 217, 492, 347, 0.9946]]","[[415, 215, 490, 343, 2], [16, 134, 110, 250, 1]]","[2, 1]",{},{}
176,176,2,"[[19, 136, 113, 248, 0.9978], [369, 210, 493, 349, 0.3499]]","[[394, 213, 482, 345, 2], [18, 134, 112, 249, 1]]","[2, 1]",{},{}
177,177,2,"[[364, 242, 495, 352, 0.9991], [17, 139, 112, 244, 0.9987]]","[[381, 229, 481, 353, 2], [17, 135, 111, 247, 1]]","[2, 1]",{},{}
178,178,2,"[[17, 136, 108, 246, 0.9955], [369, 247, 490, 353, 0.9916]]","[[376, 238, 482, 356, 2], [16, 135, 110, 247, 1]]","[2, 1]",{},{}
179,179,2,"[[17, 136, 109, 247, 0.9964], [357, 258, 487, 363, 0.9829]]","[[367, 249, 479, 363, 2], [16, 135, 109, 247, 1]]","[2, 1]",{},{}
180,180,2,"[[346, 261, 487, 367, 0.9991], [17, 133, 108, 250, 0.9932]]","[[357, 256, 478, 368, 2], [16, 134, 108, 247, 1]]","[2, 1]",{},{}
181,181,2,"[[17, 132, 107, 258, 0.9815], [312, 279, 470, 383, 0.9715]]","[[333, 270, 464, 380, 2], [16, 135, 108, 251, 1]]","[2, 1]",{},{}
182,182,2,"[[17, 136, 106, 254, 0.9929], [304, 288, 448, 392, 0.9744]]","[[315, 282, 449, 390, 2], [16, 136, 107, 252, 1]]","[2, 1]",{},{}
183,183,2,"[[312, 286, 466, 383, 0.991], [15, 136, 109, 252, 0.9838]]","[[314, 284, 454, 388, 2], [15, 136, 107, 252, 1]]","[2, 1]",{},{}
184,184,2,"[[324, 279, 479, 374, 0.9961], [16, 136, 108, 250, 0.9939]]","[[321, 280, 466, 382, 2], [15, 135, 107, 251, 1]]","[2, 1]",{},{}
185,185,2,"[[323, 280, 481, 371, 0.981], [17, 136, 108, 247, 0.9749]]","[[323, 279, 472, 378, 2], [16, 134, 108, 249, 1]]","[2, 1]",{},{}
186,186,2,"[[318, 277, 485, 382, 0.9951], [15, 135, 108, 248, 0.9871]]","[[322, 279, 476, 380, 2], [15, 134, 107, 248, 1]]","[2, 1]",{},{}
187,187,2,"[[336, 270, 488, 376, 0.9989], [15, 136, 109, 249, 0.9913]]","[[329, 275, 483, 377, 2], [15, 135, 108, 249, 1]]","[2, 1]",{},{}
188,188,2,"[[16, 135, 109, 248, 0.9945], [338, 274, 480, 378, 0.9628]]","[[332, 275, 482, 378, 2], [15, 134, 108, 248, 1]]","[2, 1]",{},{}
189,189,2,"[[15, 136, 110, 248, 0.9941], [349, 273, 478, 376, 0.9595]]","[[338, 274, 483, 377, 2], [15, 135, 109, 248, 1]]","[2, 1]",{},{}
190,190,2,"[[16, 136, 111, 248, 0.99], [355, 274, 475, 376, 0.8511]]","[[344, 274, 482, 377, 2], [16, 135, 109, 248, 1]]","[2, 1]",{},{}
191,191,2,"[[15, 136, 111, 247, 0.9941], [357, 273, 479, 371, 0.4365]]","[[349, 273, 482, 374, 2], [15, 135, 110, 247, 1]]","[2, 1]",{},{}
192,192,2,"[[17, 133, 109, 252, 0.9913], [358, 274, 479, 371, 0.2931]]","[[352, 273, 482, 373, 2], [16, 135, 109, 249, 1]]","[2, 1]",{},{}
193,193,2,"[[18, 132, 106, 250, 0.9981], [344, 294, 473, 390, 0.0889]]","[[346, 286, 476, 385, 2], [16, 133, 108, 248, 1]]","[2, 1]",{},{}
194,194,2,"[[19, 132, 108, 250, 0.9983], [342, 294, 475, 391, 0.113]]","[[343, 291, 474, 390, 2], [17, 133, 108, 249, 1]]","[2, 1]",{},{}
195,195,2,"[[19, 134, 109, 249, 0.9995], [344, 294, 478, 394, 0.1306]]","[[344, 294, 475, 393, 2], [18, 133, 109, 249, 1]]","[2, 1]",{},{}
196,196,2,"[[22, 134, 108, 251, 0.9991], [343, 294, 472, 392, 0.0598]]","[[342, 294, 473, 393, 2], [19, 134, 109, 250, 1]]","[2, 1]",{},{}
197,197,2,"[[21, 134, 108, 250, 0.9987], [344, 295, 471, 391, 0.1413]]","[[342, 295, 472, 393, 2], [20, 134, 109, 249, 1]]","[2, 1]",{},{}
198,198,2,"[[22, 136, 108, 246, 0.9987], [344, 295, 470, 391, 0.2466]]","[[342, 295, 471, 392, 2], [20, 134, 108, 248, 1]]","[2, 1]",{},{}
199,199,2,"[[21, 136, 107, 247, 0.9987], [346, 296, 472, 392, 0.4938]]","[[343, 296, 472, 393, 2], [20, 134, 108, 248, 1]]","[2, 1]",{},{}
200,200,2,"[[20, 134, 107, 249, 0.9979], [347, 293, 475, 395, 0.412]]","[[345, 295, 473, 394, 2], [20, 134, 107, 248, 1]]","[2, 1]",{},{}
201,201,2,"[[22, 132, 105, 252, 0.9969], [345, 296, 478, 393, 0.1118]]","[[345, 296, 475, 394, 2], [20, 134, 106, 249, 1]]","[2, 1]",{},{}
202,202,2,"[[20, 133, 107, 251, 0.9978], [346, 293, 481, 397, 0.3486]]","[[346, 295, 478, 395, 2], [20, 133, 106, 249, 1]]","[2, 1]",{},{}
203,203,2,"[[18, 128, 106, 254, 0.9989], [350, 294, 484, 398, 0.5244]]","[[349, 295, 481, 396, 2], [19, 131, 105, 250, 1]]","[2, 1]",{},{}
204,204,2,"[[20, 131, 106, 246, 0.9921], [350, 294, 481, 399, 0.7694]]","[[349, 295, 481, 397, 2], [19, 130, 106, 248, 1]]","[2, 1]",{},{}
205,205,2,"[[16, 127, 110, 252, 0.9819], [347, 296, 480, 400, 0.5656]]","[[348, 296, 480, 399, 2], [18, 129, 107, 249, 1]]","[2, 1]",{},{}
206,206,2,"[[16, 126, 108, 257, 0.9968], [348, 297, 479, 400, 0.5333]]","[[347, 297, 479, 400, 2], [17, 129, 107, 252, 1]]","[2, 1]",{},{}
207,207,2,"[[17, 132, 107, 251, 0.9926], [351, 296, 480, 400, 0.4783]]","[[349, 297, 480, 400, 2], [17, 130, 106, 252, 1]]","[2, 1]",{},{}
208,208,2,"[[17, 132, 108, 250, 0.9956], [348, 292, 479, 397, 0.4667]]","[[348, 294, 479, 398, 2], [17, 130, 107, 251, 1]]","[2, 1]",{},{}
209,209,2,"[[17, 125, 108, 260, 0.9889], [363, 281, 483, 377, 0.9501]]","[[355, 284, 484, 386, 2], [17, 129, 107, 254, 1]]","[2, 1]",{},{}
210,210,2,"[[19, 126, 107, 262, 0.9946], [363, 263, 490, 376, 0.9927]]","[[360, 272, 488, 377, 2], [17, 129, 107, 257, 1]]","[2, 1]",{},{}
211,211,2,"[[367, 258, 486, 369, 0.999], [21, 132, 107, 257, 0.9985]]","[[363, 263, 488, 370, 2], [19, 130, 108, 257, 1]]","[2, 1]",{},{}
212,212,2,"[[20, 127, 107, 259, 0.9984], [368, 257, 478, 365, 0.9887]]","[[363, 259, 485, 365, 2], [19, 129, 107, 257, 1]]","[2, 1]",{},{}
213,213,2,"[[18, 127, 106, 257, 0.9973], [353, 257, 481, 372, 0.9841]]","[[358, 258, 481, 367, 2], [18, 128, 106, 256, 1]]","[2, 1]",{},{}
214,214,2,"[[19, 125, 105, 263, 0.9992], [339, 269, 468, 370, 0.8788]]","[[346, 263, 471, 370, 2], [18, 127, 106, 259, 1]]","[2, 1]",{},{}
215,215,2,"[[20, 127, 105, 261, 0.9996], [310, 275, 446, 380, 0.9987]]","[[324, 270, 452, 376, 2], [18, 127, 105, 259, 1]]","[2, 1]",{},{}
216,216,2,"[[20, 129, 105, 259, 0.9999], [291, 272, 449, 381, 0.9996]]","[[307, 271, 443, 378, 2], [19, 128, 105, 259, 1]]","[2, 1]",{},{}
217,217,2,"[[17, 132, 111, 254, 0.9997], [280, 277, 447, 380, 0.9989]]","[[294, 274, 438, 380, 2], [19, 129, 107, 257, 1]]","[2, 1]",{},{}
218,218,2,"[[17, 134, 113, 251, 0.9996], [253, 278, 429, 376, 0.9658]]","[[271, 275, 425, 378, 2], [19, 130, 109, 255, 1]]","[2, 1]",{},{}
219,219,2,"[[19, 135, 112, 252, 0.9998], [229, 281, 414, 376, 0.9725]]","[[247, 277, 410, 378, 2], [19, 131, 110, 254, 1]]","[2, 1]",{},{}
220,220,2,"[[180, 285, 404, 367, 0.9999], [22, 138, 111, 250, 0.9999]]","[[212, 279, 392, 373, 2], [20, 133, 111, 253, 1]]","[2, 1]",{},{}
221,221,2,"[[171, 287, 399, 373, 0.9996], [23, 138, 113, 251, 0.9992]]","[[191, 282, 384, 374, 2], [22, 135, 112, 253, 1]]","[2, 1]",{},{}
222,222,2,"[[182, 278, 359, 371, 0.9996], [24, 137, 116, 250, 0.9984]]","[[178, 279, 368, 372, 2], [23, 135, 114, 252, 1]]","[2, 1]",{},{}
223,223,2,"[[171, 271, 355, 376, 0.9999], [24, 138, 116, 250, 0.9988]]","[[169, 276, 357, 372, 2], [24, 136, 115, 251, 1]]","[2, 1]",{},{}
224,224,2,"[[163, 267, 334, 374, 1.0], [22, 138, 113, 251, 0.9981]]","[[158, 272, 342, 370, 2], [22, 137, 114, 251, 1]]","[2, 1]",{},{}
225,225,2,"[[156, 268, 335, 373, 1.0], [21, 138, 115, 250, 0.9979]]","[[152, 270, 335, 370, 2], [22, 137, 114, 251, 1]]","[2, 1]",{},{}
226,226,2,"[[153, 264, 333, 371, 0.9999], [22, 136, 116, 249, 0.9959]]","[[148, 267, 331, 369, 2], [22, 136, 115, 249, 1]]","[2, 1]",{},{}
227,227,2,"[[163, 263, 316, 363, 0.9991], [21, 137, 112, 248, 0.9939]]","[[149, 263, 323, 365, 2], [21, 136, 113, 249, 1]]","[2, 1]",{},{}
228,228,2,"[[24, 136, 106, 253, 0.9986], [156, 260, 300, 364, 0.9985]]","[[144, 261, 311, 363, 2], [21, 136, 110, 250, 1]]","[2, 1]",{},{}
229,229,2,"[[155, 261, 297, 365, 0.9989], [20, 138, 105, 247, 0.9984]]","[[143, 261, 303, 363, 2], [19, 136, 107, 249, 1]]","[2, 1]",{},{}
230,230,2,"[[19, 139, 107, 247, 0.9997], [152, 263, 293, 367, 0.9986]]","[[142, 262, 297, 365, 2], [19, 137, 107, 248, 1]]","[2, 1]",{},{}
231,231,2,"[[18, 137, 105, 245, 0.9976], [156, 264, 283, 359, 0.9949]]","[[143, 261, 290, 362, 2], [18, 136, 105, 246, 1]]","[2, 1]",{},{}
232,232,2,"[[17, 140, 106, 241, 0.9984], [157, 267, 280, 358, 0.9572]]","[[144, 262, 285, 361, 2], [17, 137, 105, 244, 1]]","[2, 1]",{},{}
233,233,2,"[[17, 136, 108, 246, 0.9992], [164, 267, 246, 362, 0.9822]]","[[143, 264, 268, 362, 2], [17, 136, 106, 245, 1]]","[2, 1]",{},{}
234,234,2,"[[17, 139, 109, 244, 0.999], [162, 270, 245, 359, 0.957]]","[[145, 265, 258, 361, 2], [17, 137, 107, 244, 1]]","[2, 1]",{},{}
235,235,2,"[[18, 138, 109, 241, 0.9968], [159, 265, 243, 361, 0.9761]]","[[146, 265, 251, 360, 2], [18, 137, 108, 243, 1]]","[2, 1]",{},{}
236,236,2,"[[18, 140, 107, 240, 0.9747], [162, 267, 239, 358, 0.7239]]","[[149, 265, 246, 359, 2], [17, 137, 107, 242, 1]]","[2, 1]",{},{}
237,237,2,"[[21, 141, 109, 242, 0.9867], [162, 268, 239, 360, 0.865]]","[[151, 266, 243, 360, 2], [19, 139, 108, 242, 1]]","[2, 1]",{},{}
238,238,2,"[[17, 141, 109, 246, 0.9977], [162, 268, 237, 360, 0.8114]]","[[153, 267, 240, 360, 2], [18, 140, 108, 244, 1]]","[2, 1]",{},{}
239,239,2,"[[16, 138, 112, 247, 0.9841], [162, 267, 240, 359, 0.6307]]","[[155, 266, 240, 359, 2], [17, 139, 109, 245, 1]]","[2, 1]",{},{}
240,240,2,"[[18, 141, 111, 242, 0.9797], [164, 268, 237, 358, 0.3506]]","[[157, 267, 238, 358, 2], [18, 139, 110, 243, 1]]","[2, 1]",{},{}
241,241,2,"[[18, 140, 116, 244, 0.9985], [162, 267, 238, 359, 0.5147]]","[[158, 267, 237, 358, 2], [19, 139, 112, 243, 1]]","[2, 1]",{},{}
242,242,2,"[[22, 144, 110, 240, 0.982], [156, 270, 230, 357, 0.2611]]","[[154, 268, 232, 358, 2], [20, 141, 112, 242, 1]]","[2, 1]",{},{}
243,243,2,"[[22, 144, 109, 243, 0.9953], [154, 270, 229, 358, 0.2731]]","[[152, 268, 229, 358, 2], [20, 142, 111, 243, 1]]","[2, 1]",{},{}
244,244,2,"[[22, 142, 108, 245, 0.9983], [155, 268, 231, 359, 0.1033]]","[[152, 268, 229, 358, 2], [20, 142, 109, 244, 1]]","[2, 1]",{},{}
245,245,2,"[[23, 144, 108, 241, 0.9976], [155, 267, 227, 361, 0.1652]]","[[152, 268, 227, 358, 2], [21, 142, 109, 242, 1]]","[2, 1]",{},{}
246,246,2,"[[23, 144, 111, 245, 0.9991], [52, 246, 221, 331, 0.2313]]","[[149, 268, 224, 358, 2], [22, 143, 110, 244, 1]]","[2, 1]",{},{}
247,247,1,"[[22, 144, 111, 246, 0.9977], [43, 248, 218, 330, 0.6622]]","[[22, 144, 110, 245, 1]]",[1],{},{}
